data,imputer,missingness,mse,percent_missing
make_low_rank_matrix,mean,MCAR,0.000581978945956477,5
make_low_rank_matrix,knn,MCAR,0.0005879479475250966,5
make_low_rank_matrix,mf,MCAR,0.0004964306369441155,5
make_low_rank_matrix,sklearn_rf,MCAR,0.000502751519276613,5
make_low_rank_matrix,sklearn_linreg,MCAR,0.0004347522324107909,5
make_low_rank_matrix,datawig,MCAR,0.0004540389660319415,5
make_low_rank_matrix,mean,MCAR,0.0005104388415013415,5
make_low_rank_matrix,knn,MCAR,0.0004791655787375884,5
make_low_rank_matrix,mf,MCAR,0.00045355266390412435,5
make_low_rank_matrix,sklearn_rf,MCAR,0.00047771557442831473,5
make_low_rank_matrix,sklearn_linreg,MCAR,0.0004008142792838296,5
make_low_rank_matrix,datawig,MCAR,0.0004195348129419714,5
make_low_rank_matrix,mean,MCAR,0.0005321661366885928,5
make_low_rank_matrix,knn,MCAR,0.0005682692314225095,5
make_low_rank_matrix,mf,MCAR,0.0004781613628984255,5
make_low_rank_matrix,sklearn_rf,MCAR,0.0005071230480241444,5
make_low_rank_matrix,sklearn_linreg,MCAR,0.00042384393138681845,5
make_low_rank_matrix,datawig,MCAR,0.0004338734792621579,5
make_low_rank_matrix,mean,MCAR,0.0005559438109278565,5
make_low_rank_matrix,knn,MCAR,0.0005786448688940344,5
make_low_rank_matrix,mf,MCAR,0.0004998405499171187,5
make_low_rank_matrix,sklearn_rf,MCAR,0.0005375409369376735,5
make_low_rank_matrix,sklearn_linreg,MCAR,0.0004243864892321676,5
make_low_rank_matrix,datawig,MCAR,0.00044009291668734577,5
make_low_rank_matrix,mean,MCAR,0.0005481317123001743,5
make_low_rank_matrix,knn,MCAR,0.0005439883801397956,5
make_low_rank_matrix,mf,MCAR,0.0004888983818643678,5
make_low_rank_matrix,sklearn_rf,MCAR,0.0004983834809550408,5
make_low_rank_matrix,sklearn_linreg,MCAR,0.00042445045694536343,5
make_low_rank_matrix,datawig,MCAR,0.0004477248216555418,5
make_low_rank_matrix,mean,MAR,0.0005802835580988324,5
make_low_rank_matrix,knn,MAR,0.0005634051074491231,5
make_low_rank_matrix,mf,MAR,0.0005193329011988757,5
make_low_rank_matrix,sklearn_rf,MAR,0.0005229228198506128,5
make_low_rank_matrix,sklearn_linreg,MAR,0.0004598926749764122,5
make_low_rank_matrix,datawig,MAR,0.0004776486999241406,5
make_low_rank_matrix,mean,MAR,0.00053954407225556,5
make_low_rank_matrix,knn,MAR,0.0005326677352763804,5
make_low_rank_matrix,mf,MAR,0.00047562763746649686,5
make_low_rank_matrix,sklearn_rf,MAR,0.0005245131851878113,5
make_low_rank_matrix,sklearn_linreg,MAR,0.0004361977924919547,5
make_low_rank_matrix,datawig,MAR,0.0004431661142802885,5
make_low_rank_matrix,mean,MAR,0.0005640688477397672,5
make_low_rank_matrix,knn,MAR,0.000569339786241746,5
make_low_rank_matrix,mf,MAR,0.000507130088091597,5
make_low_rank_matrix,sklearn_rf,MAR,0.0005317016285707487,5
make_low_rank_matrix,sklearn_linreg,MAR,0.0004519333447635191,5
make_low_rank_matrix,datawig,MAR,0.0004691980344724583,5
make_low_rank_matrix,mean,MAR,0.000536441709792078,5
make_low_rank_matrix,knn,MAR,0.0005642724111976297,5
make_low_rank_matrix,mf,MAR,0.0004908522490802464,5
make_low_rank_matrix,sklearn_rf,MAR,0.0005146757733672143,5
make_low_rank_matrix,sklearn_linreg,MAR,0.000452555773447414,5
make_low_rank_matrix,datawig,MAR,0.00045807480969732605,5
make_low_rank_matrix,mean,MAR,0.0005313775773115206,5
make_low_rank_matrix,knn,MAR,0.0004734152853748079,5
make_low_rank_matrix,mf,MAR,0.00046409006837116594,5
make_low_rank_matrix,sklearn_rf,MAR,0.0004678688491969958,5
make_low_rank_matrix,sklearn_linreg,MAR,0.00041296779494566293,5
make_low_rank_matrix,datawig,MAR,0.00040691748540257536,5
make_low_rank_matrix,mean,MNAR,0.00031862539022679983,5
make_low_rank_matrix,knn,MNAR,0.0003465761587911771,5
make_low_rank_matrix,mf,MNAR,0.0002814315106921169,5
make_low_rank_matrix,sklearn_rf,MNAR,0.0003505492083883987,5
make_low_rank_matrix,sklearn_linreg,MNAR,0.0002904577522415925,5
make_low_rank_matrix,datawig,MNAR,0.0002997012281699398,5
make_low_rank_matrix,mean,MNAR,0.0004471119168300417,5
make_low_rank_matrix,knn,MNAR,0.0004422164262563746,5
make_low_rank_matrix,mf,MNAR,0.0003899714110637929,5
make_low_rank_matrix,sklearn_rf,MNAR,0.0004223806834048145,5
make_low_rank_matrix,sklearn_linreg,MNAR,0.00034729475704475186,5
make_low_rank_matrix,datawig,MNAR,0.00030918648703090034,5
make_low_rank_matrix,mean,MNAR,0.0008421615464987729,5
make_low_rank_matrix,knn,MNAR,0.0007746091050945611,5
make_low_rank_matrix,mf,MNAR,0.0007397783989408129,5
make_low_rank_matrix,sklearn_rf,MNAR,0.000751606773365913,5
make_low_rank_matrix,sklearn_linreg,MNAR,0.0006566398354176921,5
make_low_rank_matrix,datawig,MNAR,0.0006690203285972243,5
make_low_rank_matrix,mean,MNAR,0.0005035278775501137,5
make_low_rank_matrix,knn,MNAR,0.0004460387080161854,5
make_low_rank_matrix,mf,MNAR,0.00040017197622880727,5
make_low_rank_matrix,sklearn_rf,MNAR,0.00041444936790211616,5
make_low_rank_matrix,sklearn_linreg,MNAR,0.00034893307573733654,5
make_low_rank_matrix,datawig,MNAR,0.00038371003218475844,5
make_low_rank_matrix,mean,MNAR,0.00034455941207388725,5
make_low_rank_matrix,knn,MNAR,0.00038911627922939016,5
make_low_rank_matrix,mf,MNAR,0.00034544887256561383,5
make_low_rank_matrix,sklearn_rf,MNAR,0.00034257049647931723,5
make_low_rank_matrix,sklearn_linreg,MNAR,0.00028667331284654894,5
make_low_rank_matrix,datawig,MNAR,0.0002903717942897771,5
load_diabetes,mean,MCAR,0.0017985340275653086,5
load_diabetes,knn,MCAR,0.0011093701592229997,5
load_diabetes,mf,MCAR,0.001049948095421459,5
load_diabetes,sklearn_rf,MCAR,0.0009472374130030324,5
load_diabetes,sklearn_linreg,MCAR,0.0007089701270597106,5
load_diabetes,datawig,MCAR,0.0006887678469482369,5
load_diabetes,mean,MCAR,0.002229158209313824,5
load_diabetes,knn,MCAR,0.0012158071212302183,5
load_diabetes,mf,MCAR,0.0012149945189063812,5
load_diabetes,sklearn_rf,MCAR,0.0011759677462123987,5
load_diabetes,sklearn_linreg,MCAR,0.0008365736045803077,5
load_diabetes,datawig,MCAR,0.0009012189937411652,5
load_diabetes,mean,MCAR,0.0022700480576620446,5
load_diabetes,knn,MCAR,0.0014510559771819752,5
load_diabetes,mf,MCAR,0.001452261950888364,5
load_diabetes,sklearn_rf,MCAR,0.0012471019531177655,5
load_diabetes,sklearn_linreg,MCAR,0.0011884782549336902,5
load_diabetes,datawig,MCAR,0.0011143798069695359,5
load_diabetes,mean,MCAR,0.0025859880594014447,5
load_diabetes,knn,MCAR,0.0014906578759027226,5
load_diabetes,mf,MCAR,0.0015046886513409323,5
load_diabetes,sklearn_rf,MCAR,0.0012257884534536065,5
load_diabetes,sklearn_linreg,MCAR,0.0011541968249894404,5
load_diabetes,datawig,MCAR,0.001223554942177864,5
load_diabetes,mean,MCAR,0.00250130210056741,5
load_diabetes,knn,MCAR,0.0014938362454052817,5
load_diabetes,mf,MCAR,0.0016089882843455306,5
load_diabetes,sklearn_rf,MCAR,0.0012738268253553633,5
load_diabetes,sklearn_linreg,MCAR,0.0010702460537085061,5
load_diabetes,datawig,MCAR,0.0010978919962764014,5
load_diabetes,mean,MAR,0.0025871208889840843,5
load_diabetes,knn,MAR,0.0016147545868724497,5
load_diabetes,mf,MAR,0.0015529788124412555,5
load_diabetes,sklearn_rf,MAR,0.001401671254847917,5
load_diabetes,sklearn_linreg,MAR,0.00099528809452401,5
load_diabetes,datawig,MAR,0.0012127568768396774,5
load_diabetes,mean,MAR,0.0021004163283922625,5
load_diabetes,knn,MAR,0.0012457384028049985,5
load_diabetes,mf,MAR,0.0012471342224994219,5
load_diabetes,sklearn_rf,MAR,0.0012642672046126457,5
load_diabetes,sklearn_linreg,MAR,0.0009488985567760223,5
load_diabetes,datawig,MAR,0.0009230712565673693,5
load_diabetes,mean,MAR,0.0018795264163346279,5
load_diabetes,knn,MAR,0.0013527116963479443,5
load_diabetes,mf,MAR,0.0012473650116769154,5
load_diabetes,sklearn_rf,MAR,0.0011627338216475516,5
load_diabetes,sklearn_linreg,MAR,0.0009329577485263704,5
load_diabetes,datawig,MAR,0.000973145190554313,5
load_diabetes,mean,MAR,0.002028636729180206,5
load_diabetes,knn,MAR,0.0014937756612773514,5
load_diabetes,mf,MAR,0.0011892091467890003,5
load_diabetes,sklearn_rf,MAR,0.0013285490259014184,5
load_diabetes,sklearn_linreg,MAR,0.0009870942021945731,5
load_diabetes,datawig,MAR,0.0009984363572915732,5
load_diabetes,mean,MAR,0.002214446983244351,5
load_diabetes,knn,MAR,0.0012694879030839567,5
load_diabetes,mf,MAR,0.0012586360682196676,5
load_diabetes,sklearn_rf,MAR,0.0012578680242057334,5
load_diabetes,sklearn_linreg,MAR,0.0009667984679765156,5
load_diabetes,datawig,MAR,0.0010828853522729068,5
load_diabetes,mean,MNAR,0.001443368906859366,5
load_diabetes,knn,MNAR,0.000997341926302159,5
load_diabetes,mf,MNAR,0.0009720941583533781,5
load_diabetes,sklearn_rf,MNAR,0.0009540558822238733,5
load_diabetes,sklearn_linreg,MNAR,0.0008382356202357777,5
load_diabetes,datawig,MNAR,0.000889555123730439,5
load_diabetes,mean,MNAR,0.0014066867053112008,5
load_diabetes,knn,MNAR,0.0009910273604615378,5
load_diabetes,mf,MNAR,0.0010682411952875257,5
load_diabetes,sklearn_rf,MNAR,0.0009432927141108991,5
load_diabetes,sklearn_linreg,MNAR,0.0005572813533327595,5
load_diabetes,datawig,MNAR,0.0005300904530169394,5
load_diabetes,mean,MNAR,0.0021291773885597593,5
load_diabetes,knn,MNAR,0.0011661169823191425,5
load_diabetes,mf,MNAR,0.0010798851490674804,5
load_diabetes,sklearn_rf,MNAR,0.0008499686164503261,5
load_diabetes,sklearn_linreg,MNAR,0.0006599505007601231,5
load_diabetes,datawig,MNAR,0.0007655889709821483,5
load_diabetes,mean,MNAR,0.0018646579967482116,5
load_diabetes,knn,MNAR,0.0014665547028360189,5
load_diabetes,mf,MNAR,0.0012810631919046764,5
load_diabetes,sklearn_rf,MNAR,0.001190996903135757,5
load_diabetes,sklearn_linreg,MNAR,0.001123273090744091,5
load_diabetes,datawig,MNAR,0.0011976536881832872,5
load_diabetes,mean,MNAR,0.0024583143182622465,5
load_diabetes,knn,MNAR,0.001342880093517181,5
load_diabetes,mf,MNAR,0.0013526983221022932,5
load_diabetes,sklearn_rf,MNAR,0.001166221237921108,5
load_diabetes,sklearn_linreg,MNAR,0.0009415815723890403,5
load_diabetes,datawig,MNAR,0.0009485546424341681,5
load_wine,mean,MCAR,6468.321300956146,5
load_wine,knn,MCAR,6259.266536967549,5
load_wine,mf,MCAR,3742.945959105676,5
load_wine,sklearn_rf,MCAR,4916.5050159496295,5
load_wine,sklearn_linreg,MCAR,2724.214355648623,5
load_wine,datawig,MCAR,2304.6204954104155,5
load_wine,mean,MCAR,2758.137932399453,5
load_wine,knn,MCAR,1391.6117826614395,5
load_wine,mf,MCAR,1056.3856949391477,5
load_wine,sklearn_rf,MCAR,1103.9180605333333,5
load_wine,sklearn_linreg,MCAR,896.3096660923753,5
load_wine,datawig,MCAR,982.4553162761588,5
load_wine,mean,MCAR,13404.644966827811,5
load_wine,knn,MCAR,4187.3334265208405,5
load_wine,mf,MCAR,2950.781468745503,5
load_wine,sklearn_rf,MCAR,2005.546674734513,5
load_wine,sklearn_linreg,MCAR,2366.8620937959445,5
load_wine,datawig,MCAR,3055.5233428188444,5
load_wine,mean,MCAR,7231.570921850955,5
load_wine,knn,MCAR,2006.2463467253294,5
load_wine,mf,MCAR,4121.221693350514,5
load_wine,sklearn_rf,MCAR,4596.761095598133,5
load_wine,sklearn_linreg,MCAR,3229.436523995508,5
load_wine,datawig,MCAR,3469.555873515707,5
load_wine,mean,MCAR,9954.43919186238,5
load_wine,knn,MCAR,4236.719996458734,5
load_wine,mf,MCAR,3267.767415690443,5
load_wine,sklearn_rf,MCAR,1340.701457174757,5
load_wine,sklearn_linreg,MCAR,1765.464305164905,5
load_wine,datawig,MCAR,2810.047186884592,5
load_wine,mean,MAR,7201.35315322444,5
load_wine,knn,MAR,2459.3159888250802,5
load_wine,mf,MAR,3532.713174169529,5
load_wine,sklearn_rf,MAR,1392.7633984326922,5
load_wine,sklearn_linreg,MAR,2653.2374042034908,5
load_wine,datawig,MAR,1743.9198518185424,5
load_wine,mean,MAR,4260.396175702715,5
load_wine,knn,MAR,7692.798994991124,5
load_wine,mf,MAR,2569.8261748482737,5
load_wine,sklearn_rf,MAR,959.376256313846,5
load_wine,sklearn_linreg,MAR,1638.5935274994144,5
load_wine,datawig,MAR,2940.2216209103904,5
load_wine,mean,MAR,2278.1932757103923,5
load_wine,knn,MAR,1301.5121477466287,5
load_wine,mf,MAR,1838.4960871516316,5
load_wine,sklearn_rf,MAR,1165.2306872211539,5
load_wine,sklearn_linreg,MAR,2633.861658834817,5
load_wine,datawig,MAR,1654.7805574070294,5
load_wine,mean,MAR,7031.110046389271,5
load_wine,knn,MAR,2685.1468672492565,5
load_wine,mf,MAR,3467.4177823406735,5
load_wine,sklearn_rf,MAR,1041.8124682403845,5
load_wine,sklearn_linreg,MAR,2239.726414291146,5
load_wine,datawig,MAR,3199.054013394009,5
load_wine,mean,MAR,13212.846646964123,5
load_wine,knn,MAR,5516.573058199462,5
load_wine,mf,MAR,4807.40731615315,5
load_wine,sklearn_rf,MAR,4939.329505263077,5
load_wine,sklearn_linreg,MAR,4061.4127459924034,5
load_wine,datawig,MAR,4358.613061894254,5
load_wine,mean,MNAR,17742.23727278438,5
load_wine,knn,MNAR,1563.14416149823,5
load_wine,mf,MNAR,4673.104847368152,5
load_wine,sklearn_rf,MNAR,3675.741540509616,5
load_wine,sklearn_linreg,MNAR,2154.4703997185607,5
load_wine,datawig,MNAR,3560.5890783932123,5
load_wine,mean,MNAR,6558.373764982688,5
load_wine,knn,MNAR,1283.8654725443982,5
load_wine,mf,MNAR,4279.654583629989,5
load_wine,sklearn_rf,MNAR,1195.2555153846151,5
load_wine,sklearn_linreg,MNAR,2524.1730333721353,5
load_wine,datawig,MNAR,3299.2203866563705,5
load_wine,mean,MNAR,1109.170928076288,5
load_wine,knn,MNAR,7349.400369698065,5
load_wine,mf,MNAR,2273.5914851442917,5
load_wine,sklearn_rf,MNAR,634.4405611826925,5
load_wine,sklearn_linreg,MNAR,2462.1227422254296,5
load_wine,datawig,MNAR,1707.1698455983317,5
load_wine,mean,MNAR,37322.923140013736,5
load_wine,knn,MNAR,24483.938807969655,5
load_wine,mf,MNAR,17009.70108394533,5
load_wine,sklearn_rf,MNAR,7419.999806778846,5
load_wine,sklearn_linreg,MNAR,9500.795769197124,5
load_wine,datawig,MNAR,11576.56398242708,5
load_wine,mean,MNAR,12368.998420944963,5
load_wine,knn,MNAR,512.8412719411637,5
load_wine,mf,MNAR,4005.3229133084924,5
load_wine,sklearn_rf,MNAR,3592.8126466634612,5
load_wine,sklearn_linreg,MNAR,2058.213271851852,5
load_wine,datawig,MNAR,1251.546246227967,5
make_swiss_roll,mean,MCAR,36.792886169604145,5
make_swiss_roll,knn,MCAR,22.75882945826216,5
make_swiss_roll,mf,MCAR,36.20277243804615,5
make_swiss_roll,sklearn_rf,MCAR,11.884523266688827,5
make_swiss_roll,sklearn_linreg,MCAR,36.02974644217354,5
make_swiss_roll,datawig,MCAR,12.929005632869826,5
make_swiss_roll,mean,MCAR,36.2514061747668,5
make_swiss_roll,knn,MCAR,23.04543086848629,5
make_swiss_roll,mf,MCAR,38.51275597389135,5
make_swiss_roll,sklearn_rf,MCAR,21.007158981128963,5
make_swiss_roll,sklearn_linreg,MCAR,34.772444392327515,5
make_swiss_roll,datawig,MCAR,17.265865335549492,5
make_swiss_roll,mean,MCAR,35.581293058853454,5
make_swiss_roll,knn,MCAR,21.388831509545675,5
make_swiss_roll,mf,MCAR,35.02680897088901,5
make_swiss_roll,sklearn_rf,MCAR,18.44787140949265,5
make_swiss_roll,sklearn_linreg,MCAR,34.03825880040619,5
make_swiss_roll,datawig,MCAR,11.936195545300325,5
make_swiss_roll,mean,MCAR,33.04869014395163,5
make_swiss_roll,knn,MCAR,24.708994093830004,5
make_swiss_roll,mf,MCAR,34.10395811365388,5
make_swiss_roll,sklearn_rf,MCAR,17.565315726948057,5
make_swiss_roll,sklearn_linreg,MCAR,32.09160890584033,5
make_swiss_roll,datawig,MCAR,13.134531073262695,5
make_swiss_roll,mean,MCAR,34.878889646046765,5
make_swiss_roll,knn,MCAR,16.145877080620355,5
make_swiss_roll,mf,MCAR,35.234525103030506,5
make_swiss_roll,sklearn_rf,MCAR,16.557445521142885,5
make_swiss_roll,sklearn_linreg,MCAR,33.75482111217842,5
make_swiss_roll,datawig,MCAR,14.53314752309197,5
make_swiss_roll,mean,MAR,35.69831712960707,5
make_swiss_roll,knn,MAR,18.171755918246877,5
make_swiss_roll,mf,MAR,35.08776699377699,5
make_swiss_roll,sklearn_rf,MAR,15.855291729131912,5
make_swiss_roll,sklearn_linreg,MAR,33.676695245350594,5
make_swiss_roll,datawig,MAR,12.94409513010069,5
make_swiss_roll,mean,MAR,20.097297333365645,5
make_swiss_roll,knn,MAR,15.735779287628093,5
make_swiss_roll,mf,MAR,24.193253097738236,5
make_swiss_roll,sklearn_rf,MAR,14.351079686305988,5
make_swiss_roll,sklearn_linreg,MAR,25.334635317112816,5
make_swiss_roll,datawig,MAR,13.99292022323072,5
make_swiss_roll,mean,MAR,36.08022141495419,5
make_swiss_roll,knn,MAR,19.252356278936077,5
make_swiss_roll,mf,MAR,37.54161875888278,5
make_swiss_roll,sklearn_rf,MAR,17.952010760104567,5
make_swiss_roll,sklearn_linreg,MAR,40.457611544322745,5
make_swiss_roll,datawig,MAR,11.853764501690568,5
make_swiss_roll,mean,MAR,57.436863928608155,5
make_swiss_roll,knn,MAR,62.56118918435101,5
make_swiss_roll,mf,MAR,57.48768230903939,5
make_swiss_roll,sklearn_rf,MAR,15.529982387587657,5
make_swiss_roll,sklearn_linreg,MAR,54.788962232000884,5
make_swiss_roll,datawig,MAR,16.97329044223251,5
make_swiss_roll,mean,MAR,15.95219964533734,5
make_swiss_roll,knn,MAR,16.264892591906698,5
make_swiss_roll,mf,MAR,17.631931111694747,5
make_swiss_roll,sklearn_rf,MAR,12.278812157179335,5
make_swiss_roll,sklearn_linreg,MAR,19.06803057671529,5
make_swiss_roll,datawig,MAR,15.462633346824713,5
make_swiss_roll,mean,MNAR,47.58479786879112,5
make_swiss_roll,knn,MNAR,27.88600204727866,5
make_swiss_roll,mf,MNAR,51.37546083650994,5
make_swiss_roll,sklearn_rf,MNAR,7.453282066027191,5
make_swiss_roll,sklearn_linreg,MNAR,50.532565949755515,5
make_swiss_roll,datawig,MNAR,2.7189564590435906,5
make_swiss_roll,mean,MNAR,55.06836624431866,5
make_swiss_roll,knn,MNAR,37.9371567599925,5
make_swiss_roll,mf,MNAR,59.2804920020295,5
make_swiss_roll,sklearn_rf,MNAR,27.459216165936777,5
make_swiss_roll,sklearn_linreg,MNAR,54.208459370280956,5
make_swiss_roll,datawig,MNAR,24.715837555081393,5
make_swiss_roll,mean,MNAR,21.769602481402966,5
make_swiss_roll,knn,MNAR,27.81215632394126,5
make_swiss_roll,mf,MNAR,22.884140750871666,5
make_swiss_roll,sklearn_rf,MNAR,18.200531091221038,5
make_swiss_roll,sklearn_linreg,MNAR,21.409257262671098,5
make_swiss_roll,datawig,MNAR,15.213955930976175,5
make_swiss_roll,mean,MNAR,30.03536669651425,5
make_swiss_roll,knn,MNAR,35.00561140440125,5
make_swiss_roll,mf,MNAR,31.215559509788303,5
make_swiss_roll,sklearn_rf,MNAR,30.552072948117267,5
make_swiss_roll,sklearn_linreg,MNAR,32.551454031383265,5
make_swiss_roll,datawig,MNAR,27.50243410507811,5
make_swiss_roll,mean,MNAR,27.586262074199077,5
make_swiss_roll,knn,MNAR,16.547598891084576,5
make_swiss_roll,mf,MNAR,25.412716019016997,5
make_swiss_roll,sklearn_rf,MNAR,10.508345964121691,5
make_swiss_roll,sklearn_linreg,MNAR,23.004161378392883,5
make_swiss_roll,datawig,MNAR,7.051175440019639,5
load_breast_cancer,mean,MCAR,11047.776923007683,5
load_breast_cancer,knn,MCAR,574.9496554434813,5
load_breast_cancer,mf,MCAR,612.7811372529465,5
load_breast_cancer,sklearn_rf,MCAR,74.16192521953215,5
load_breast_cancer,sklearn_linreg,MCAR,46.81913745629382,5
load_breast_cancer,datawig,MCAR,298.3409277651581,5
load_breast_cancer,mean,MCAR,11108.694423677805,5
load_breast_cancer,knn,MCAR,678.2246889218103,5
load_breast_cancer,mf,MCAR,667.9155360007671,5
load_breast_cancer,sklearn_rf,MCAR,46.487201585212716,5
load_breast_cancer,sklearn_linreg,MCAR,67.1942612012766,5
load_breast_cancer,datawig,MCAR,133.58101926301174,5
load_breast_cancer,mean,MCAR,7467.346386857037,5
load_breast_cancer,knn,MCAR,663.935128536448,5
load_breast_cancer,mf,MCAR,651.3868706887177,5
load_breast_cancer,sklearn_rf,MCAR,16.262876220227007,5
load_breast_cancer,sklearn_linreg,MCAR,20.122064943523586,5
load_breast_cancer,datawig,MCAR,108.08919155758456,5
load_breast_cancer,mean,MCAR,22016.2547366597,5
load_breast_cancer,knn,MCAR,3893.048953366173,5
load_breast_cancer,mf,MCAR,1628.9685768691552,5
load_breast_cancer,sklearn_rf,MCAR,1056.5943839903075,5
load_breast_cancer,sklearn_linreg,MCAR,323.636199265338,5
load_breast_cancer,datawig,MCAR,499.6854806433285,5
load_breast_cancer,mean,MCAR,20933.717791309085,5
load_breast_cancer,knn,MCAR,1145.1123873991737,5
load_breast_cancer,mf,MCAR,982.6745049229165,5
load_breast_cancer,sklearn_rf,MCAR,92.96206594965975,5
load_breast_cancer,sklearn_linreg,MCAR,108.07860086903284,5
load_breast_cancer,datawig,MCAR,393.93722266302296,5
load_breast_cancer,mean,MAR,7832.754423595963,5
load_breast_cancer,knn,MAR,361.11656854868704,5
load_breast_cancer,mf,MAR,511.0544865444827,5
load_breast_cancer,sklearn_rf,MAR,54.20637279429814,5
load_breast_cancer,sklearn_linreg,MAR,43.65542740702256,5
load_breast_cancer,datawig,MAR,112.01291496003815,5
load_breast_cancer,mean,MAR,12049.394796912633,5
load_breast_cancer,knn,MAR,245.91884579214198,5
load_breast_cancer,mf,MAR,1289.7236655975005,5
load_breast_cancer,sklearn_rf,MAR,19.76510376871404,5
load_breast_cancer,sklearn_linreg,MAR,47.238006656195395,5
load_breast_cancer,datawig,MAR,48.997850749208034,5
load_breast_cancer,mean,MAR,56973.788990796165,5
load_breast_cancer,knn,MAR,14645.074413833949,5
load_breast_cancer,mf,MAR,4433.627788836816,5
load_breast_cancer,sklearn_rf,MAR,850.7598101657157,5
load_breast_cancer,sklearn_linreg,MAR,194.6325053192074,5
load_breast_cancer,datawig,MAR,408.5591382971463,5
load_breast_cancer,mean,MAR,11155.951747580875,5
load_breast_cancer,knn,MAR,2061.09043512105,5
load_breast_cancer,mf,MAR,1344.7125201087567,5
load_breast_cancer,sklearn_rf,MAR,168.99907089262496,5
make_low_rank_matrix,mean,MCAR,0.0005384459260613664,50
make_low_rank_matrix,knn,MCAR,0.0006493702407524617,50
make_low_rank_matrix,mf,MCAR,0.0005278048546045842,50
make_low_rank_matrix,sklearn_rf,MCAR,0.0006846400066369438,50
make_low_rank_matrix,sklearn_linreg,MCAR,0.0005497379181359223,50
make_low_rank_matrix,datawig,MCAR,0.0005369981321142461,50
make_low_rank_matrix,mean,MCAR,0.0005377134399281115,50
make_low_rank_matrix,knn,MCAR,0.0006499723388825713,50
make_low_rank_matrix,mf,MCAR,0.0005211220065176276,50
make_low_rank_matrix,sklearn_rf,MCAR,0.0006375662575883376,50
make_low_rank_matrix,sklearn_linreg,MCAR,0.0006329718006721723,50
make_low_rank_matrix,datawig,MCAR,0.0005278811628702847,50
make_low_rank_matrix,mean,MCAR,0.000548524229573977,50
make_low_rank_matrix,knn,MCAR,0.0006559468733767398,50
make_low_rank_matrix,mf,MCAR,0.0005249193442795725,50
make_low_rank_matrix,sklearn_rf,MCAR,0.000646931676208693,50
make_low_rank_matrix,sklearn_linreg,MCAR,0.0005869333602117933,50
make_low_rank_matrix,datawig,MCAR,0.00052702954014192,50
make_low_rank_matrix,mean,MAR,0.000529721295869468,50
make_low_rank_matrix,knn,MAR,0.0007380055495078825,50
make_low_rank_matrix,mf,MAR,0.0005379663581203643,50
make_low_rank_matrix,sklearn_rf,MAR,0.000589614112347367,50
make_low_rank_matrix,sklearn_linreg,MAR,0.0005567162055652382,50
make_low_rank_matrix,datawig,MAR,0.0004408889222740549,50
make_low_rank_matrix,mean,MAR,0.0005429784936651237,50
make_low_rank_matrix,knn,MAR,0.0007073187853619398,50
make_low_rank_matrix,mf,MAR,0.0005111562499496194,50
make_low_rank_matrix,sklearn_rf,MAR,0.0006714255645887513,50
make_low_rank_matrix,sklearn_linreg,MAR,0.0005610627904721068,50
make_low_rank_matrix,datawig,MAR,0.0004743136639897915,50
make_low_rank_matrix,mean,MAR,0.0005117061408528074,50
make_low_rank_matrix,knn,MAR,0.0006677023726372792,50
make_low_rank_matrix,mf,MAR,0.000481003605860295,50
make_low_rank_matrix,sklearn_rf,MAR,0.0006040376135376766,50
make_low_rank_matrix,sklearn_linreg,MAR,0.0005271575274302618,50
make_low_rank_matrix,datawig,MAR,0.000453799120073252,50
make_low_rank_matrix,mean,MNAR,0.00044854645560335975,50
make_low_rank_matrix,knn,MNAR,0.0005740417417528261,50
make_low_rank_matrix,mf,MNAR,0.00045661680183275337,50
make_low_rank_matrix,sklearn_rf,MNAR,0.0008056910919192594,50
make_low_rank_matrix,sklearn_linreg,MNAR,0.0005753193751389256,50
make_low_rank_matrix,datawig,MNAR,0.0005273838343955994,50
make_low_rank_matrix,mean,MNAR,0.000510844671499564,50
make_low_rank_matrix,knn,MNAR,0.0006965019157793605,50
make_low_rank_matrix,mf,MNAR,0.00048571981985824246,50
make_low_rank_matrix,sklearn_rf,MNAR,0.0007485950018976857,50
make_low_rank_matrix,sklearn_linreg,MNAR,0.0005829478507042946,50
make_low_rank_matrix,datawig,MNAR,0.0004990506380322504,50
make_low_rank_matrix,mean,MNAR,0.000884305509103492,50
make_low_rank_matrix,knn,MNAR,0.0010330409193434753,50
make_low_rank_matrix,mf,MNAR,0.0008609354202281238,50
make_low_rank_matrix,sklearn_rf,MNAR,0.0009921943284390462,50
make_low_rank_matrix,sklearn_linreg,MNAR,0.0008322100636235149,50
make_low_rank_matrix,datawig,MNAR,0.0007500348911544246,50
load_diabetes,mean,MCAR,0.0022919293106470648,50
load_diabetes,knn,MCAR,0.0026478902763746445,50
load_diabetes,mf,MCAR,0.001734017229601516,50
load_diabetes,sklearn_rf,MCAR,0.001988467311987937,50
load_diabetes,sklearn_linreg,MCAR,0.0017495145292005245,50
load_diabetes,datawig,MCAR,0.0017056277387097149,50
load_diabetes,mean,MCAR,0.002349318372240745,50
load_diabetes,knn,MCAR,0.002714048068524456,50
load_diabetes,mf,MCAR,0.0018543473490832188,50
load_diabetes,sklearn_rf,MCAR,0.002218489702115081,50
load_diabetes,sklearn_linreg,MCAR,0.0019481233740951092,50
load_diabetes,datawig,MCAR,0.0017891710056617562,50
load_diabetes,mean,MCAR,0.0023208655004337566,50
load_diabetes,knn,MCAR,0.002664580880152957,50
load_diabetes,mf,MCAR,0.0017608740320717113,50
load_diabetes,sklearn_rf,MCAR,0.001959443955085424,50
load_diabetes,sklearn_linreg,MCAR,0.0018850712597481723,50
load_diabetes,datawig,MCAR,0.0017310068681814755,50
load_diabetes,mean,MAR,0.0023993830891515704,50
load_diabetes,knn,MAR,0.0031825862662610096,50
load_diabetes,mf,MAR,0.001757102198733585,50
load_diabetes,sklearn_rf,MAR,0.002049284893355053,50
load_diabetes,sklearn_linreg,MAR,0.0017738263376733889,50
load_diabetes,datawig,MAR,0.0014897073069875194,50
load_diabetes,mean,MAR,0.002640900913975419,50
load_diabetes,knn,MAR,0.003316374391762837,50
load_diabetes,mf,MAR,0.002007352790188765,50
load_diabetes,sklearn_rf,MAR,0.0019444466059669184,50
load_diabetes,sklearn_linreg,MAR,0.0019706802100519305,50
load_diabetes,datawig,MAR,0.0015276633567703516,50
load_diabetes,mean,MAR,0.002453746295339993,50
load_diabetes,knn,MAR,0.0033174974873450766,50
load_diabetes,mf,MAR,0.001808247413413915,50
load_diabetes,sklearn_rf,MAR,0.0021193060323555107,50
load_diabetes,sklearn_linreg,MAR,0.0018710985985609058,50
load_diabetes,datawig,MAR,0.0014222350929919954,50
load_diabetes,mean,MNAR,0.002700360388094559,50
load_diabetes,knn,MNAR,0.003592373502838643,50
load_diabetes,mf,MNAR,0.002199502838280967,50
load_diabetes,sklearn_rf,MNAR,0.0035670614083529277,50
load_diabetes,sklearn_linreg,MNAR,0.0022389308042713354,50
load_diabetes,datawig,MNAR,0.0020846749609736465,50
load_diabetes,mean,MNAR,0.0016537460543452943,50
load_diabetes,knn,MNAR,0.002397872150404915,50
load_diabetes,mf,MNAR,0.0013229734563015088,50
load_diabetes,sklearn_rf,MNAR,0.0026645485859954077,50
load_diabetes,sklearn_linreg,MNAR,0.0016810597190801532,50
load_diabetes,datawig,MNAR,0.0011803888429755037,50
load_diabetes,mean,MNAR,0.003486758531487765,50
load_diabetes,knn,MNAR,0.004073083889544725,50
load_diabetes,mf,MNAR,0.0027686412156872073,50
load_diabetes,sklearn_rf,MNAR,0.003936253318219775,50
load_diabetes,sklearn_linreg,MNAR,0.0028140141137024334,50
load_diabetes,datawig,MNAR,0.0025212635038590406,50
load_wine,mean,MCAR,6777.11120965106,50
load_wine,knn,MCAR,7665.2168884093135,50
load_wine,mf,MCAR,5832.558960734691,50
load_wine,sklearn_rf,MCAR,5376.843125466235,50
load_wine,sklearn_linreg,MCAR,4852.139153309972,50
load_wine,datawig,MCAR,5648.871898820697,50
load_wine,mean,MCAR,6341.914780000976,50
load_wine,knn,MCAR,7629.441700419689,50
load_wine,mf,MCAR,7782.3837203439925,50
load_wine,sklearn_rf,MCAR,6793.060542669896,50
load_wine,sklearn_linreg,MCAR,5326.337286837372,50
load_wine,datawig,MCAR,4415.763887990193,50
load_wine,mean,MCAR,5995.526916859148,50
load_wine,knn,MCAR,8290.34180049482,50
load_wine,mf,MCAR,5785.432849713917,50
load_wine,sklearn_rf,MCAR,3476.6404587744623,50
load_wine,sklearn_linreg,MCAR,5042.09857325037,50
load_wine,datawig,MCAR,5107.776018504254,50
load_wine,mean,MAR,8100.691569490025,50
load_wine,knn,MAR,13897.257975085471,50
load_wine,mf,MAR,9255.937364985119,50
load_wine,sklearn_rf,MAR,4622.418651456115,50
load_wine,sklearn_linreg,MAR,4580.795265655352,50
load_wine,datawig,MAR,5512.53390983277,50
load_wine,mean,MAR,6180.885875486704,50
load_wine,knn,MAR,15693.528796602104,50
load_wine,mf,MAR,6285.9832852077925,50
load_wine,sklearn_rf,MAR,3670.4263908294906,50
load_wine,sklearn_linreg,MAR,6335.624636571621,50
load_wine,datawig,MAR,5427.744800848192,50
load_wine,mean,MAR,9097.648736980584,50
load_wine,knn,MAR,15312.38830422178,50
load_wine,mf,MAR,9340.032437565284,50
load_wine,sklearn_rf,MAR,10449.89369412014,50
load_wine,sklearn_linreg,MAR,17977.351196040676,50
load_wine,datawig,MAR,6847.816376881787,50
load_wine,mean,MNAR,8957.039598737161,50
load_wine,knn,MNAR,16110.66044644381,50
load_wine,mf,MNAR,5427.734382919518,50
load_wine,sklearn_rf,MNAR,11818.625536180667,50
load_wine,sklearn_linreg,MNAR,5721.517706106933,50
load_wine,datawig,MNAR,8115.0697377120405,50
load_wine,mean,MNAR,12033.7039924853,50
load_wine,knn,MNAR,18232.285827292377,50
load_wine,mf,MNAR,7926.857811185418,50
load_wine,sklearn_rf,MNAR,11020.801343985508,50
load_wine,sklearn_linreg,MNAR,6087.104619070746,50
load_wine,datawig,MNAR,3828.479632877377,50
load_wine,mean,MNAR,7526.781596835257,50
load_wine,knn,MNAR,16907.856833594153,50
load_wine,mf,MNAR,6655.164979210134,50
load_wine,sklearn_rf,MNAR,5789.425610488335,50
load_wine,sklearn_linreg,MNAR,11038.468304674676,50
load_wine,datawig,MNAR,3158.776537169836,50
make_swiss_roll,mean,MCAR,34.8059803480025,50
make_swiss_roll,knn,MCAR,44.24591854118387,50
make_swiss_roll,mf,MCAR,35.177656614525596,50
make_swiss_roll,sklearn_rf,MCAR,41.098334668720945,50
make_swiss_roll,sklearn_linreg,MCAR,45.6007375069991,50
make_swiss_roll,datawig,MCAR,25.804562531317835,50
make_swiss_roll,mean,MCAR,35.22227709299606,50
make_swiss_roll,knn,MCAR,42.451400834820426,50
make_swiss_roll,mf,MCAR,36.11012839555052,50
make_swiss_roll,sklearn_rf,MCAR,36.779520437162674,50
make_swiss_roll,sklearn_linreg,MCAR,39.440649129705996,50
make_swiss_roll,datawig,MCAR,25.622288706327694,50
make_swiss_roll,mean,MCAR,35.65223865904258,50
make_swiss_roll,knn,MCAR,41.720971225922135,50
make_swiss_roll,mf,MCAR,36.15337724643079,50
make_swiss_roll,sklearn_rf,MCAR,38.94078914419923,50
make_swiss_roll,sklearn_linreg,MCAR,42.88132114311575,50
make_swiss_roll,datawig,MCAR,26.932076799156793,50
make_swiss_roll,mean,MAR,42.38935226879647,50
make_swiss_roll,knn,MAR,38.53317898773081,50
make_swiss_roll,mf,MAR,43.19239240034455,50
make_swiss_roll,sklearn_rf,MAR,52.997032121769706,50
make_swiss_roll,sklearn_linreg,MAR,65.28940571625536,50
make_swiss_roll,datawig,MAR,64.29250705117263,50
make_swiss_roll,mean,MAR,38.36270180483215,50
make_swiss_roll,knn,MAR,53.540102476617626,50
make_swiss_roll,mf,MAR,39.133784682425194,50
make_swiss_roll,sklearn_rf,MAR,38.748389661651984,50
make_swiss_roll,sklearn_linreg,MAR,49.70266449450023,50
make_swiss_roll,datawig,MAR,36.84117245475139,50
make_swiss_roll,mean,MAR,38.36731294328651,50
make_swiss_roll,knn,MAR,52.73976283490258,50
make_swiss_roll,mf,MAR,39.103458970717256,50
make_swiss_roll,sklearn_rf,MAR,40.014953373932435,50
make_swiss_roll,sklearn_linreg,MAR,52.94617673103923,50
make_swiss_roll,datawig,MAR,29.895496179533534,50
make_swiss_roll,mean,MNAR,17.780264236084296,50
make_swiss_roll,knn,MNAR,49.76721559326372,50
make_swiss_roll,mf,MNAR,18.157174910490944,50
make_swiss_roll,sklearn_rf,MNAR,60.966847819662476,50
make_swiss_roll,sklearn_linreg,MNAR,122.19186254837656,50
make_swiss_roll,datawig,MNAR,30.03610719558705,50
make_swiss_roll,mean,MNAR,31.525927614463605,50
make_swiss_roll,knn,MNAR,64.3828498913814,50
make_swiss_roll,mf,MNAR,37.24734619241318,50
make_swiss_roll,sklearn_rf,MNAR,62.83726077478642,50
make_swiss_roll,sklearn_linreg,MNAR,41.21376932536397,50
make_swiss_roll,datawig,MNAR,59.4330333957813,50
make_swiss_roll,mean,MNAR,27.91603182915271,50
make_swiss_roll,knn,MNAR,57.92283755591585,50
make_swiss_roll,mf,MNAR,29.670502476503934,50
make_swiss_roll,sklearn_rf,MNAR,47.51544692939132,50
make_swiss_roll,sklearn_linreg,MNAR,95.66819581884891,50
make_swiss_roll,datawig,MNAR,46.42690006774149,50
load_breast_cancer,mean,MCAR,14181.198208718604,50
load_breast_cancer,knn,MCAR,16513.280937890206,50
load_breast_cancer,mf,MCAR,3048.784969056416,50
load_breast_cancer,sklearn_rf,MCAR,755.4166211609424,50
load_breast_cancer,sklearn_linreg,MCAR,2816.7554141763017,50
load_breast_cancer,datawig,MCAR,2009.1978890799678,50
load_breast_cancer,mean,MCAR,17733.080271812534,50
load_breast_cancer,knn,MCAR,15971.45601176186,50
load_breast_cancer,mf,MCAR,3924.3773921165734,50
load_breast_cancer,sklearn_rf,MCAR,1607.6119875035204,50
load_breast_cancer,sklearn_linreg,MCAR,3139.3250795393765,50
load_breast_cancer,datawig,MCAR,2823.4823480154814,50
load_breast_cancer,mean,MCAR,16770.709611950173,50
load_breast_cancer,knn,MCAR,15957.454349100359,50
load_breast_cancer,mf,MCAR,4197.361491206463,50
load_breast_cancer,sklearn_rf,MCAR,966.2719870923953,50
load_breast_cancer,sklearn_linreg,MCAR,2149.9575258391674,50
load_breast_cancer,datawig,MCAR,2644.2464145725316,50
load_breast_cancer,mean,MAR,17779.808012281563,50
load_breast_cancer,knn,MAR,21108.775278843077,50
load_breast_cancer,mf,MAR,4318.54583894882,50
load_breast_cancer,sklearn_rf,MAR,1288.5676009192703,50
load_breast_cancer,sklearn_linreg,MAR,2576.079994217416,50
load_breast_cancer,datawig,MAR,984.945241131154,50
load_breast_cancer,mean,MAR,13056.936397113268,50
load_breast_cancer,knn,MAR,27756.80590956428,50
load_breast_cancer,mf,MAR,2764.835581645742,50
load_breast_cancer,sklearn_rf,MAR,794.5747323459539,50
load_breast_cancer,sklearn_linreg,MAR,2211.0579075368246,50
load_breast_cancer,datawig,MAR,1401.7561507647686,50
load_breast_cancer,mean,MAR,3776.2985376993115,50
load_breast_cancer,knn,MAR,27349.802986067538,50
load_breast_cancer,mf,MAR,3712.526316124153,50
load_breast_cancer,sklearn_rf,MAR,744.5420133568172,50
load_breast_cancer,sklearn_linreg,MAR,1789.9140252989173,50
load_breast_cancer,datawig,MAR,2576.0137274287276,50
load_breast_cancer,mean,MNAR,3136.582679725566,50
load_breast_cancer,knn,MNAR,19930.6057627956,50
load_breast_cancer,mf,MNAR,1887.2595944560903,50
load_breast_cancer,sklearn_rf,MNAR,1511.4856546083136,50
load_breast_cancer,sklearn_linreg,MNAR,2833.1677173742164,50
load_breast_cancer,datawig,MNAR,1397.1587623239616,50
load_breast_cancer,mean,MNAR,7413.595715316262,50
load_breast_cancer,knn,MNAR,13960.665894453481,50
load_breast_cancer,mf,MNAR,1587.4263247696472,50
load_breast_cancer,sklearn_rf,MNAR,2729.954126603364,50
load_breast_cancer,sklearn_linreg,MNAR,2813.21062891967,50
load_breast_cancer,datawig,MNAR,895.0327409084177,50
load_breast_cancer,mean,MNAR,21913.808032138702,50
load_breast_cancer,knn,MNAR,12720.339721898046,50
load_breast_cancer,mf,MNAR,2759.045115538898,50
load_breast_cancer,sklearn_rf,MNAR,952.3532718356167,50
load_breast_cancer,sklearn_linreg,MNAR,7655.1732761344365,50
load_breast_cancer,datawig,MNAR,756.7694315092896,50
load_linnerud,mean,MCAR,2877.6054122192922,50
load_linnerud,knn,MCAR,5351.848498172444,50
load_linnerud,mf,MCAR,2967.949153549297,50
load_linnerud,sklearn_rf,MCAR,1924.524516129032,50
load_linnerud,sklearn_linreg,MCAR,2606.839649656257,50
load_linnerud,datawig,MCAR,2295.323936679149,50
load_linnerud,mean,MCAR,1260.0843031427448,50
load_linnerud,knn,MCAR,1231.1270296946736,50
load_linnerud,mf,MCAR,2163.3846726054976,50
load_linnerud,sklearn_rf,MCAR,1513.331559606481,50
load_linnerud,sklearn_linreg,MCAR,1490.6364709956388,50
load_linnerud,datawig,MCAR,3118.8364870816454,50
load_linnerud,mean,MCAR,1559.4523570782715,50
load_linnerud,knn,MCAR,1730.5166059441256,50
load_linnerud,mf,MCAR,1706.5259663801194,50
load_linnerud,sklearn_rf,MCAR,1935.5024137931036,50
load_linnerud,sklearn_linreg,MCAR,1113.2501895678795,50
load_linnerud,datawig,MCAR,1490.9259020346792,50
load_linnerud,mean,MAR,1509.7466666666667,50
load_linnerud,knn,MAR,3156.0213673607127,50
load_linnerud,mf,MAR,1942.216285533634,50
load_linnerud,sklearn_rf,MAR,1444.1492407407409,50
load_linnerud,sklearn_linreg,MAR,1946.5970019342703,50
load_linnerud,datawig,MAR,1629.0569741703075,50
load_linnerud,mean,MAR,2061.729999999999,50
load_linnerud,knn,MAR,3626.0853593711945,50
load_linnerud,mf,MAR,2277.319119522984,50
load_linnerud,sklearn_rf,MAR,743.1981172637945,50
load_linnerud,sklearn_linreg,MAR,8576.503105359581,50
load_linnerud,datawig,MAR,2492.435973003468,50
load_linnerud,mean,MAR,1987.8466666666666,50
load_linnerud,knn,MAR,5413.84666194083,50
load_linnerud,mf,MAR,2234.86588654691,50
load_linnerud,sklearn_rf,MAR,2091.345333333333,50
load_linnerud,sklearn_linreg,MAR,8367.05673708977,50
load_linnerud,datawig,MAR,5298.502591655384,50
load_linnerud,mean,MNAR,2982.520000000001,50
load_linnerud,knn,MNAR,5488.215106023338,50
load_linnerud,mf,MNAR,3384.070472683786,50
load_linnerud,sklearn_rf,MNAR,3071.251333333333,50
load_linnerud,sklearn_linreg,MNAR,4279.014034980809,50
load_linnerud,datawig,MNAR,2874.9857904279593,50
load_linnerud,mean,MNAR,3218.3800000000006,50
load_linnerud,knn,MNAR,4613.007839597738,50
load_linnerud,mf,MNAR,4107.355761794718,50
load_linnerud,sklearn_rf,MNAR,4284.517601851851,50
load_linnerud,sklearn_linreg,MNAR,109829.59301116565,50
load_linnerud,datawig,MNAR,2597.047650614902,50
load_linnerud,mean,MNAR,2956.8400000000006,50
load_linnerud,knn,MNAR,5442.953033969646,50
load_linnerud,mf,MNAR,2961.4421758323865,50
load_linnerud,sklearn_rf,MNAR,4033.5321666666664,50
load_linnerud,sklearn_linreg,MNAR,2574.8179847777888,50
load_linnerud,datawig,MNAR,2547.671581543353,50
load_boston,mean,MCAR,2807.9522056764067,50
load_boston,knn,MCAR,2372.52676689274,50
load_boston,mf,MCAR,1784.6964705720452,50
load_boston,sklearn_rf,MCAR,1100.619902973255,50
load_boston,sklearn_linreg,MCAR,1734.4308581064358,50
load_boston,datawig,MCAR,1217.546726606778,50
load_boston,mean,MCAR,2904.7793443813516,50
load_boston,knn,MCAR,2416.275098304162,50
load_boston,mf,MCAR,1329.9779593332405,50
load_boston,sklearn_rf,MCAR,876.7365726604605,50
load_boston,sklearn_linreg,MCAR,1390.4853077041203,50
load_boston,datawig,MCAR,1155.3483583249797,50
load_boston,mean,MCAR,2860.623180849771,50
load_boston,knn,MCAR,2197.2971531833705,50
load_boston,mf,MCAR,1513.0344175250914,50
load_boston,sklearn_rf,MCAR,1317.9947957713832,50
load_boston,sklearn_linreg,MCAR,1646.8966114007449,50
load_boston,datawig,MCAR,1379.9023299200662,50
load_boston,mean,MAR,2907.9805879901855,50
load_boston,knn,MAR,4975.923563612955,50
load_boston,mf,MAR,1477.3384682471517,50
load_boston,sklearn_rf,MAR,1051.9713041471473,50
load_boston,sklearn_linreg,MAR,2074.284889582971,50
load_boston,datawig,MAR,1022.1647488729255,50
load_boston,mean,MAR,2655.6730051835248,50
load_boston,knn,MAR,3919.1077468555463,50
load_boston,mf,MAR,1285.1472744994094,50
load_boston,sklearn_rf,MAR,571.8580718359881,50
load_boston,sklearn_linreg,MAR,1339.1816687265418,50
load_boston,datawig,MAR,1148.2850648981303,50
load_boston,mean,MAR,4421.051814604407,50
load_boston,knn,MAR,5459.625746246142,50
load_boston,mf,MAR,2297.0410260442277,50
load_boston,sklearn_rf,MAR,2045.4596201068623,50
load_boston,sklearn_linreg,MAR,1495.792852158347,50
load_boston,datawig,MAR,1426.8053387695634,50
load_boston,mean,MNAR,1889.7360932182607,50
load_boston,knn,MNAR,3878.0073784920246,50
load_boston,mf,MNAR,1402.249858834313,50
load_boston,sklearn_rf,MNAR,1531.3124482000514,50
load_boston,sklearn_linreg,MNAR,2091.847677991454,50
load_boston,datawig,MNAR,2534.0140616436715,50
load_boston,mean,MNAR,2896.184512772367,50
load_boston,knn,MNAR,3309.357573184924,50
load_boston,mf,MNAR,1432.0524021141057,50
load_boston,sklearn_rf,MNAR,1365.400004282124,50
load_boston,sklearn_linreg,MNAR,1920.924937701021,50
load_boston,datawig,MNAR,775.5178004715834,50
load_boston,mean,MNAR,2561.48489642944,50
load_boston,knn,MNAR,3209.1047554501433,50
load_boston,mf,MNAR,1227.3901668007145,50
load_boston,sklearn_rf,MNAR,2406.726171694705,50
load_boston,sklearn_linreg,MNAR,1732.7602082448902,50
load_boston,datawig,MNAR,1265.149361135582,50
make_low_rank_matrix,mean,MCAR,0.0005445246707847908,30
make_low_rank_matrix,knn,MCAR,0.0006831028381769825,30
make_low_rank_matrix,mf,MCAR,0.0005048269811156164,30
make_low_rank_matrix,sklearn_rf,MCAR,0.000563564076544411,30
make_low_rank_matrix,sklearn_linreg,MCAR,0.0006357001014129332,30
make_low_rank_matrix,datawig,MCAR,0.00048170144254548107,30
make_low_rank_matrix,mean,MCAR,0.0005219305475998084,30
make_low_rank_matrix,knn,MCAR,0.0006313204719294972,30
make_low_rank_matrix,mf,MCAR,0.0004910998899040884,30
make_low_rank_matrix,sklearn_rf,MCAR,0.0005578662265594468,30
make_low_rank_matrix,sklearn_linreg,MCAR,0.0005291813298613518,30
make_low_rank_matrix,datawig,MCAR,0.000449885319719718,30
make_low_rank_matrix,mean,MCAR,0.0005284592279135921,30
make_low_rank_matrix,knn,MCAR,0.0006378836408657797,30
make_low_rank_matrix,mf,MCAR,0.000490969687051866,30
make_low_rank_matrix,sklearn_rf,MCAR,0.0005787479119382032,30
make_low_rank_matrix,sklearn_linreg,MCAR,0.0006852317226755959,30
make_low_rank_matrix,datawig,MCAR,0.000482680536908828,30
make_low_rank_matrix,mean,MAR,0.0005148608543923965,30
make_low_rank_matrix,knn,MAR,0.0006801177059525829,30
make_low_rank_matrix,mf,MAR,0.00047922478335807485,30
make_low_rank_matrix,sklearn_rf,MAR,0.0005531667016714527,30
make_low_rank_matrix,sklearn_linreg,MAR,0.0005675813960949134,30
make_low_rank_matrix,datawig,MAR,0.00045206853869286703,30
make_low_rank_matrix,mean,MAR,0.0005071923530854008,30
make_low_rank_matrix,knn,MAR,0.0006765167251510034,30
make_low_rank_matrix,mf,MAR,0.00047686643684173813,30
make_low_rank_matrix,sklearn_rf,MAR,0.0005879274905306885,30
make_low_rank_matrix,sklearn_linreg,MAR,0.0004822404050707995,30
make_low_rank_matrix,datawig,MAR,0.00043777179155578565,30
make_low_rank_matrix,mean,MAR,0.0005471439974722639,30
make_low_rank_matrix,knn,MAR,0.0006643180167218035,30
make_low_rank_matrix,mf,MAR,0.0005227647950520071,30
make_low_rank_matrix,sklearn_rf,MAR,0.0006283032406608302,30
make_low_rank_matrix,sklearn_linreg,MAR,0.0005953747618420779,30
make_low_rank_matrix,datawig,MAR,0.00047967005232866383,30
make_low_rank_matrix,mean,MNAR,0.00045709641120152817,30
make_low_rank_matrix,knn,MNAR,0.0006187134170247471,30
make_low_rank_matrix,mf,MNAR,0.0004390715344432422,30
make_low_rank_matrix,sklearn_rf,MNAR,0.0006019943323030845,30
make_low_rank_matrix,sklearn_linreg,MNAR,0.000644862643131719,30
make_low_rank_matrix,datawig,MNAR,0.00045676852525145564,30
make_low_rank_matrix,mean,MNAR,0.0003427981107547454,30
make_low_rank_matrix,knn,MNAR,0.0005172234738826888,30
make_low_rank_matrix,mf,MNAR,0.00031181060484170643,30
make_low_rank_matrix,sklearn_rf,MNAR,0.0004947278896706379,30
make_low_rank_matrix,sklearn_linreg,MNAR,0.0005911728360168093,30
make_low_rank_matrix,datawig,MNAR,0.00036480928930616866,30
make_low_rank_matrix,mean,MNAR,0.0002534975059961639,30
make_low_rank_matrix,knn,MNAR,0.0004147228131610206,30
make_low_rank_matrix,mf,MNAR,0.00027404914044329394,30
make_low_rank_matrix,sklearn_rf,MNAR,0.0004810654573879156,30
make_low_rank_matrix,sklearn_linreg,MNAR,0.0004784105048275151,30
make_low_rank_matrix,datawig,MNAR,0.0003388276599522572,30
load_diabetes,mean,MCAR,0.00209261471109131,30
load_diabetes,knn,MCAR,0.002320595050673114,30
load_diabetes,mf,MCAR,0.0013669805293142167,30
load_diabetes,sklearn_rf,MCAR,0.0014748853918261486,30
load_diabetes,sklearn_linreg,MCAR,0.0016370584454353952,30
load_diabetes,datawig,MCAR,0.0013153320210084393,30
load_diabetes,mean,MCAR,0.0023348561072070026,30
load_diabetes,knn,MCAR,0.002341043809860279,30
load_diabetes,mf,MCAR,0.0015214458718200246,30
load_diabetes,sklearn_rf,MCAR,0.0015834000280163763,30
load_diabetes,sklearn_linreg,MCAR,0.001601374376132448,30
load_diabetes,datawig,MCAR,0.0013241529987901158,30
load_diabetes,mean,MCAR,0.0022021220213715594,30
load_diabetes,knn,MCAR,0.002433348954790628,30
load_diabetes,mf,MCAR,0.0014606267885990273,30
load_diabetes,sklearn_rf,MCAR,0.0015080226230390313,30
load_diabetes,sklearn_linreg,MCAR,0.0017525585361092113,30
load_diabetes,datawig,MCAR,0.0014420723989109964,30
load_diabetes,mean,MAR,0.002521214082753343,30
load_diabetes,knn,MAR,0.0026560360826163574,30
load_diabetes,mf,MAR,0.0015570656207816466,30
load_diabetes,sklearn_rf,MAR,0.001467429857173863,30
load_diabetes,sklearn_linreg,MAR,0.001620521659908335,30
load_diabetes,datawig,MAR,0.0014154697950618535,30
load_diabetes,mean,MAR,0.0023617866626236272,30
load_diabetes,knn,MAR,0.002479268374661212,30
load_diabetes,mf,MAR,0.0015730540063917727,30
load_diabetes,sklearn_rf,MAR,0.0015359671962987722,30
load_diabetes,sklearn_linreg,MAR,0.0014396876156675897,30
load_diabetes,datawig,MAR,0.0013877587320021392,30
load_diabetes,mean,MAR,0.002130858476256681,30
load_diabetes,knn,MAR,0.002447062448756834,30
load_diabetes,mf,MAR,0.0015202314373992049,30
load_diabetes,sklearn_rf,MAR,0.0015046001383356709,30
load_diabetes,sklearn_linreg,MAR,0.0016919323580939592,30
load_diabetes,datawig,MAR,0.0012844286836739282,30
load_diabetes,mean,MNAR,0.0020761048237919696,30
load_diabetes,knn,MNAR,0.002231847453272552,30
load_diabetes,mf,MNAR,0.0013798259225587203,30
load_diabetes,sklearn_rf,MNAR,0.0016757546692058526,30
load_diabetes,sklearn_linreg,MNAR,0.001336469062297075,30
load_diabetes,datawig,MNAR,0.001015036485641258,30
load_diabetes,mean,MNAR,0.002424277187622637,30
load_diabetes,knn,MNAR,0.002465850377461599,30
load_diabetes,mf,MNAR,0.001667438577802221,30
load_diabetes,sklearn_rf,MNAR,0.0016762390647226794,30
load_diabetes,sklearn_linreg,MNAR,0.0017898050235050369,30
load_diabetes,datawig,MNAR,0.0012536639087873977,30
load_diabetes,mean,MNAR,0.001793758387420756,30
load_diabetes,knn,MNAR,0.002313184793508584,30
load_diabetes,mf,MNAR,0.0012268928311911541,30
load_diabetes,sklearn_rf,MNAR,0.0016992487742665337,30
load_diabetes,sklearn_linreg,MNAR,0.0017230052931579266,30
load_diabetes,datawig,MNAR,0.00106074799937114,30
load_wine,mean,MCAR,8437.440074356065,30
load_wine,knn,MCAR,7249.013910771115,30
load_wine,mf,MCAR,4778.427601702892,30
load_wine,sklearn_rf,MCAR,3843.860136935397,30
load_wine,sklearn_linreg,MCAR,8334.035365623608,30
load_wine,datawig,MCAR,3940.436154437996,30
load_wine,mean,MCAR,7029.35673317444,30
load_wine,knn,MCAR,5434.846964390349,30
load_wine,mf,MCAR,3792.410565240909,30
load_wine,sklearn_rf,MCAR,1868.5652128137651,30
load_wine,sklearn_linreg,MCAR,3330.4885210072953,30
load_wine,datawig,MCAR,2904.0292593562795,30
load_wine,mean,MCAR,6440.172205389966,30
load_wine,knn,MCAR,5980.5877965929185,30
load_wine,mf,MCAR,4196.030526386893,30
load_wine,sklearn_rf,MCAR,2819.0752331076515,30
load_wine,sklearn_linreg,MCAR,5810.011254014849,30
load_wine,datawig,MCAR,4540.038702488553,30
load_wine,mean,MAR,9825.769430029188,30
load_wine,knn,MAR,7096.102535361974,30
load_wine,mf,MAR,9588.659696456463,30
load_wine,sklearn_rf,MAR,3284.3751395950167,30
load_wine,sklearn_linreg,MAR,6283.517680239911,30
load_wine,datawig,MAR,4918.730743782854,30
load_wine,mean,MAR,7627.263569408349,30
load_wine,knn,MAR,4348.916352915179,30
load_wine,mf,MAR,6671.080516736816,30
load_wine,sklearn_rf,MAR,3645.6953823706594,30
load_wine,sklearn_linreg,MAR,5630.834656296783,30
load_wine,datawig,MAR,4524.439277246128,30
load_wine,mean,MAR,10777.339519174837,30
load_wine,knn,MAR,7029.967845926559,30
load_wine,mf,MAR,5473.735272686688,30
load_wine,sklearn_rf,MAR,7563.949675915075,30
load_wine,sklearn_linreg,MAR,4253.420253618211,30
load_wine,datawig,MAR,5647.759671331328,30
load_wine,mean,MNAR,13277.45242757349,30
load_wine,knn,MNAR,14116.978316566667,30
load_wine,mf,MNAR,11960.616687864136,30
load_wine,sklearn_rf,MNAR,8425.700546773583,30
load_wine,sklearn_linreg,MNAR,9838.205307232744,30
load_wine,datawig,MNAR,5982.610326513802,30
load_wine,mean,MNAR,1095.4063018844038,30
load_wine,knn,MNAR,4600.358218736835,30
load_wine,mf,MNAR,3467.042213674914,30
load_wine,sklearn_rf,MNAR,1845.4157178103208,30
load_wine,sklearn_linreg,MNAR,6346.219128871912,30
load_wine,datawig,MNAR,3028.6631576084083,30
load_wine,mean,MNAR,621.4562783335971,30
load_wine,knn,MNAR,3795.863439920784,30
load_wine,mf,MNAR,2357.431078344992,30
load_wine,sklearn_rf,MNAR,4172.340348181805,30
load_wine,sklearn_linreg,MNAR,6029.548700967534,30
load_wine,datawig,MNAR,5252.141470328752,30
make_swiss_roll,mean,MCAR,34.25473081461211,30
make_swiss_roll,knn,MCAR,31.387992739524325,30
make_swiss_roll,mf,MCAR,35.018198236618005,30
make_swiss_roll,sklearn_rf,MCAR,25.23145660891935,30
make_swiss_roll,sklearn_linreg,MCAR,34.226617110185636,30
make_swiss_roll,datawig,MCAR,20.881604031457147,30
make_swiss_roll,mean,MCAR,33.875145298224005,30
make_swiss_roll,knn,MCAR,35.081508710155155,30
make_swiss_roll,mf,MCAR,34.83359576526226,30
make_swiss_roll,sklearn_rf,MCAR,28.041741769781254,30
make_swiss_roll,sklearn_linreg,MCAR,34.0193379342109,30
make_swiss_roll,datawig,MCAR,20.87881535203085,30
make_swiss_roll,mean,MCAR,34.38024446364563,30
make_swiss_roll,knn,MCAR,33.11686710861666,30
make_swiss_roll,mf,MCAR,36.91679672323734,30
make_swiss_roll,sklearn_rf,MCAR,28.529728629526836,30
make_swiss_roll,sklearn_linreg,MCAR,34.93235870420565,30
make_swiss_roll,datawig,MCAR,23.871859659518307,30
make_swiss_roll,mean,MAR,41.52072618050876,30
make_swiss_roll,knn,MAR,76.39549867228081,30
make_swiss_roll,mf,MAR,45.14780062033082,30
make_swiss_roll,sklearn_rf,MAR,59.474606788557615,30
make_swiss_roll,sklearn_linreg,MAR,71.48913872104416,30
make_swiss_roll,datawig,MAR,31.020241977181517,30
make_swiss_roll,mean,MAR,30.032743632823973,30
make_swiss_roll,knn,MAR,41.41808785605715,30
make_swiss_roll,mf,MAR,30.713559608013032,30
make_swiss_roll,sklearn_rf,MAR,21.558141090548173,30
make_swiss_roll,sklearn_linreg,MAR,50.883617946585524,30
make_swiss_roll,datawig,MAR,37.70894961300015,30
make_swiss_roll,mean,MAR,36.08431164437111,30
make_swiss_roll,knn,MAR,37.069125084741884,30
make_swiss_roll,mf,MAR,37.18560017570346,30
make_swiss_roll,sklearn_rf,MAR,30.101978156796964,30
make_swiss_roll,sklearn_linreg,MAR,63.142790481503134,30
make_swiss_roll,datawig,MAR,22.964835752817876,30
make_swiss_roll,mean,MNAR,23.67032526314815,30
make_swiss_roll,knn,MNAR,52.79650289049168,30
make_swiss_roll,mf,MNAR,27.480578906541922,30
make_swiss_roll,sklearn_rf,MNAR,36.75211760574048,30
make_swiss_roll,sklearn_linreg,MNAR,47.89888901595515,30
make_swiss_roll,datawig,MNAR,25.755442009490757,30
make_swiss_roll,mean,MNAR,46.78940872218756,30
make_swiss_roll,knn,MNAR,65.32385918921916,30
make_swiss_roll,mf,MNAR,47.27198855790072,30
make_swiss_roll,sklearn_rf,MNAR,67.66390992389786,30
make_swiss_roll,sklearn_linreg,MNAR,88.41776726073668,30
make_swiss_roll,datawig,MNAR,60.981118846278356,30
make_swiss_roll,mean,MNAR,44.96592723566153,30
make_swiss_roll,knn,MNAR,61.768134935901195,30
make_swiss_roll,mf,MNAR,44.50759774329946,30
make_swiss_roll,sklearn_rf,MNAR,38.13169668254242,30
make_swiss_roll,sklearn_linreg,MNAR,46.51044619773662,30
make_swiss_roll,datawig,MNAR,33.40616908495573,30
load_breast_cancer,mean,MCAR,15284.83712498511,30
load_breast_cancer,knn,MCAR,9252.501645318713,30
load_breast_cancer,mf,MCAR,1373.5169871285616,30
load_breast_cancer,sklearn_rf,MCAR,492.6756449030881,30
load_breast_cancer,sklearn_linreg,MCAR,433.34865363387877,30
load_breast_cancer,datawig,MCAR,671.2298613892732,30
load_breast_cancer,mean,MCAR,14220.17868393663,30
load_breast_cancer,knn,MCAR,5523.5017245496265,30
load_breast_cancer,mf,MCAR,1389.739481404039,30
load_breast_cancer,sklearn_rf,MCAR,567.6035925758138,30
load_breast_cancer,sklearn_linreg,MCAR,727.9972795819888,30
load_breast_cancer,datawig,MCAR,621.3901100031818,30
load_breast_cancer,mean,MCAR,19416.52101939296,30
load_breast_cancer,knn,MCAR,12997.91881005874,30
load_breast_cancer,mf,MCAR,1283.3904438963443,30
load_breast_cancer,sklearn_rf,MCAR,1019.1925167701107,30
load_breast_cancer,sklearn_linreg,MCAR,606.6722932753962,30
load_breast_cancer,datawig,MCAR,801.7140256141564,30
load_breast_cancer,mean,MAR,14846.952628345676,30
load_breast_cancer,knn,MAR,11602.235998104361,30
load_breast_cancer,mf,MAR,1200.3772850576026,30
load_breast_cancer,sklearn_rf,MAR,535.3218011504898,30
load_breast_cancer,sklearn_linreg,MAR,1135.4590246387997,30
load_breast_cancer,datawig,MAR,1021.115930525981,30
load_breast_cancer,mean,MAR,19400.09890276636,30
load_breast_cancer,knn,MAR,22350.220889595956,30
load_breast_cancer,mf,MAR,2065.435940980511,30
load_breast_cancer,sklearn_rf,MAR,311.4647595995232,30
load_breast_cancer,sklearn_linreg,MAR,1607.7077821465791,30
load_breast_cancer,datawig,MAR,1440.5328482509433,30
load_breast_cancer,mean,MAR,12871.369392023184,30
load_breast_cancer,knn,MAR,2565.927133454314,30
load_breast_cancer,mf,MAR,651.0881119934817,30
load_breast_cancer,sklearn_rf,MAR,66.20936069605929,30
load_breast_cancer,sklearn_linreg,MAR,946.0746312005651,30
load_breast_cancer,datawig,MAR,270.6808342953703,30
load_breast_cancer,mean,MNAR,36538.16931529607,30
load_breast_cancer,knn,MNAR,31017.80598104339,30
load_breast_cancer,mf,MNAR,1934.7872646907535,30
load_breast_cancer,sklearn_rf,MNAR,18820.0158866397,30
load_breast_cancer,sklearn_linreg,MNAR,15090.706862164167,30
load_breast_cancer,datawig,MNAR,1187.0578998078674,30
load_breast_cancer,mean,MNAR,2467.8471322705336,30
load_breast_cancer,knn,MNAR,4175.132976867403,30
load_breast_cancer,mf,MNAR,1107.9710362611631,30
load_breast_cancer,sklearn_rf,MNAR,1043.1063420647354,30
load_breast_cancer,sklearn_linreg,MNAR,381.00514531570866,30
load_breast_cancer,datawig,MNAR,233.96184606542744,30
load_breast_cancer,mean,MNAR,13779.898316658595,30
load_breast_cancer,knn,MNAR,9033.241501504663,30
load_breast_cancer,mf,MNAR,1252.3663286220465,30
load_breast_cancer,sklearn_rf,MNAR,2745.6490427611957,30
load_breast_cancer,sklearn_linreg,MNAR,467.62570882613545,30
load_breast_cancer,datawig,MNAR,496.56818186581046,30
load_linnerud,mean,MCAR,2040.2106186224491,30
load_linnerud,knn,MCAR,2486.2127240512964,30
load_linnerud,mf,MCAR,3484.9078270294267,30
load_linnerud,sklearn_rf,MCAR,3049.112777777778,30
load_linnerud,sklearn_linreg,MCAR,1580.6169096940337,30
load_linnerud,datawig,MCAR,1635.673402656854,30
load_linnerud,mean,MCAR,2250.486016628874,30
load_linnerud,knn,MCAR,3663.6630897709233,30
load_linnerud,mf,MCAR,2428.4752442907197,30
load_linnerud,sklearn_rf,MCAR,2229.8062499999996,30
load_linnerud,sklearn_linreg,MCAR,3959.560321264414,30
load_linnerud,datawig,MCAR,1769.3153918449843,30
load_linnerud,mean,MCAR,1788.768407984109,30
load_linnerud,knn,MCAR,1371.4899267049811,30
load_linnerud,mf,MCAR,2669.7184795014587,30
load_linnerud,sklearn_rf,MCAR,964.3416666666668,30
load_linnerud,sklearn_linreg,MCAR,1189.309455266368,30
load_linnerud,datawig,MCAR,1225.8338664927508,30
load_linnerud,mean,MAR,2450.746031746032,30
load_linnerud,knn,MAR,2747.8995472841134,30
load_linnerud,mf,MAR,3576.473173821921,30
load_linnerud,sklearn_rf,MAR,992.044834567901,30
load_linnerud,sklearn_linreg,MAR,1078.033783271249,30
load_linnerud,datawig,MAR,1400.0414729706222,30
load_linnerud,mean,MAR,1595.8866213151923,30
load_linnerud,knn,MAR,1913.5321291156465,30
load_linnerud,mf,MAR,1462.3780769670786,30
load_linnerud,sklearn_rf,MAR,649.2659760802469,30
load_linnerud,sklearn_linreg,MAR,5552.667915836152,30
load_linnerud,datawig,MAR,2104.5608619220206,30
load_linnerud,mean,MAR,1711.7273242630383,30
load_linnerud,knn,MAR,1501.6195447932523,30
load_linnerud,mf,MAR,2404.4721834486413,30
load_linnerud,sklearn_rf,MAR,3878.111577932099,30
load_linnerud,sklearn_linreg,MAR,1314.4451566159214,30
load_linnerud,datawig,MAR,1457.9947044910487,30
load_linnerud,mean,MNAR,1529.2222222222226,30
load_linnerud,knn,MNAR,4307.832810070915,30
load_linnerud,mf,MNAR,1991.3054241054467,30
load_linnerud,sklearn_rf,MNAR,1666.4443388888888,30
load_linnerud,sklearn_linreg,MNAR,2317.5353967810843,30
load_linnerud,datawig,MNAR,2534.1368903456405,30
load_linnerud,mean,MNAR,2219.9552154195003,30
load_linnerud,knn,MNAR,1277.860007109498,30
load_linnerud,mf,MNAR,2086.2104138413733,30
load_linnerud,sklearn_rf,MNAR,1752.8068672839506,30
load_linnerud,sklearn_linreg,MNAR,2158.0902097585836,30
load_linnerud,datawig,MNAR,1253.9697994032545,30
load_linnerud,mean,MNAR,1403.4988662131523,30
load_linnerud,knn,MNAR,916.0460757083692,30
load_linnerud,mf,MNAR,1553.0873579016156,30
load_linnerud,sklearn_rf,MNAR,1798.4461111111111,30
load_linnerud,sklearn_linreg,MNAR,6615.917590023822,30
load_linnerud,datawig,MNAR,2183.5363439224184,30
load_boston,mean,MCAR,3328.3720004180195,30
load_boston,knn,MCAR,1483.1700726486108,30
load_boston,mf,MCAR,1659.9651450566873,30
load_boston,sklearn_rf,MCAR,912.5518664522789,30
load_boston,sklearn_linreg,MCAR,1652.92516131321,30
load_boston,datawig,MCAR,1083.9761217409207,30
load_boston,mean,MCAR,2805.167809817008,30
load_boston,knn,MCAR,1512.5817901407493,30
load_boston,mf,MCAR,1308.6268514970047,30
load_boston,sklearn_rf,MCAR,513.5209916112747,30
load_boston,sklearn_linreg,MCAR,1916.1409173626732,30
load_boston,datawig,MCAR,881.2810871789198,30
load_boston,mean,MCAR,2937.101565755335,30
load_boston,knn,MCAR,1827.6836747749207,30
load_boston,mf,MCAR,1352.0090593876103,30
load_boston,sklearn_rf,MCAR,738.6984767413011,30
load_boston,sklearn_linreg,MCAR,1349.836794176775,30
load_boston,datawig,MCAR,1102.027184471593,30
load_boston,mean,MAR,2847.8306690536406,30
load_boston,knn,MAR,2618.8859022418346,30
load_boston,mf,MAR,722.5668492375602,30
load_boston,sklearn_rf,MAR,622.7074787617253,30
load_boston,sklearn_linreg,MAR,1062.4574627386112,30
load_boston,datawig,MAR,734.3522020819973,30
load_boston,mean,MAR,8312.720914265046,30
load_boston,knn,MAR,6442.314844380399,30
load_boston,mf,MAR,5572.285467137553,30
load_boston,sklearn_rf,MAR,1339.2698711140697,30
load_boston,sklearn_linreg,MAR,2646.2689543596684,30
load_boston,datawig,MAR,2040.8924192236514,30
load_boston,mean,MAR,3096.052909222953,30
load_boston,knn,MAR,3326.185726580462,30
load_boston,mf,MAR,2084.284749835612,30
load_boston,sklearn_rf,MAR,1760.9486177868253,30
load_boston,sklearn_linreg,MAR,1863.861683800923,30
load_boston,datawig,MAR,1491.677176286532,30
load_boston,mean,MNAR,618.1153398186203,30
load_boston,knn,MNAR,1337.779697412012,30
load_boston,mf,MNAR,1031.5544658633971,30
load_boston,sklearn_rf,MNAR,2011.339579270328,30
load_boston,sklearn_linreg,MNAR,1193.3858927517201,30
load_boston,datawig,MNAR,1007.3658678015396,30
load_boston,mean,MNAR,6573.651772863142,30
load_boston,knn,MNAR,5480.6575824057945,30
load_boston,mf,MNAR,2655.015934548044,30
load_boston,sklearn_rf,MNAR,1017.2199536551135,30
load_boston,sklearn_linreg,MNAR,1765.9717776852988,30
load_boston,datawig,MNAR,471.3266134942177,30
load_boston,mean,MNAR,2156.7514660116467,30
load_boston,knn,MNAR,2618.8195324025937,30
load_boston,mf,MNAR,1010.8532381607234,30
load_boston,sklearn_rf,MNAR,2087.0635991038134,30
load_boston,sklearn_linreg,MNAR,1256.372475436343,30
load_boston,datawig,MNAR,807.9229995706446,30
make_low_rank_matrix,mean,MCAR,0.0005332625436111385,50
make_low_rank_matrix,knn,MCAR,0.0006214272290773072,50
make_low_rank_matrix,mf,MCAR,0.0005137332202212074,50
make_low_rank_matrix,sklearn_rf,MCAR,0.0006268862393932162,50
make_low_rank_matrix,sklearn_linreg,MCAR,0.0005901967443282458,50
make_low_rank_matrix,datawig,MCAR,0.0005207127051500757,50
make_low_rank_matrix,mean,MCAR,0.0005438302119162549,50
make_low_rank_matrix,knn,MCAR,0.0006412830669725477,50
make_low_rank_matrix,mf,MCAR,0.0005190673894370431,50
make_low_rank_matrix,sklearn_rf,MCAR,0.0006823941773882319,50
make_low_rank_matrix,sklearn_linreg,MCAR,0.0006294213250803543,50
make_low_rank_matrix,datawig,MCAR,0.0005286233543399142,50
make_low_rank_matrix,mean,MCAR,0.0005423316564072381,50
make_low_rank_matrix,knn,MCAR,0.000636766505643618,50
make_low_rank_matrix,mf,MCAR,0.0005138800708592304,50
make_low_rank_matrix,sklearn_rf,MCAR,0.0006483296691669625,50
make_low_rank_matrix,sklearn_linreg,MCAR,0.0005753906512642907,50
make_low_rank_matrix,datawig,MCAR,0.0005281995167287426,50
make_low_rank_matrix,mean,MAR,0.0005408823132075102,50
make_low_rank_matrix,knn,MAR,0.0006996026734063833,50
make_low_rank_matrix,mf,MAR,0.0005190594200980944,50
make_low_rank_matrix,sklearn_rf,MAR,0.0007159943661766875,50
make_low_rank_matrix,sklearn_linreg,MAR,0.0005816023916466638,50
make_low_rank_matrix,datawig,MAR,0.0004925077824592641,50
make_low_rank_matrix,mean,MAR,0.0005281119271837348,50
make_low_rank_matrix,knn,MAR,0.000699766353759649,50
make_low_rank_matrix,mf,MAR,0.000511832226731806,50
make_low_rank_matrix,sklearn_rf,MAR,0.0006163198674241991,50
make_low_rank_matrix,sklearn_linreg,MAR,0.000581428554041426,50
make_low_rank_matrix,datawig,MAR,0.00048594688635515286,50
make_low_rank_matrix,mean,MAR,0.00053350647120575,50
make_low_rank_matrix,knn,MAR,0.0006814447771308895,50
make_low_rank_matrix,mf,MAR,0.0005012599019892424,50
make_low_rank_matrix,sklearn_rf,MAR,0.000621843198390999,50
make_low_rank_matrix,sklearn_linreg,MAR,0.0005391787687433292,50
make_low_rank_matrix,datawig,MAR,0.0004705681216163816,50
make_low_rank_matrix,mean,MNAR,0.0002730866891606961,50
make_low_rank_matrix,knn,MNAR,0.00046863782187896153,50
make_low_rank_matrix,mf,MNAR,0.00026820982805813036,50
make_low_rank_matrix,sklearn_rf,MNAR,0.0006676746400801102,50
make_low_rank_matrix,sklearn_linreg,MNAR,0.0004358160028743125,50
make_low_rank_matrix,datawig,MNAR,0.00036496731105425197,50
make_low_rank_matrix,mean,MNAR,0.0004660975584974772,50
make_low_rank_matrix,knn,MNAR,0.0006332904140074812,50
make_low_rank_matrix,mf,MNAR,0.00046483427640799715,50
make_low_rank_matrix,sklearn_rf,MNAR,0.0007389735414047721,50
make_low_rank_matrix,sklearn_linreg,MNAR,0.0005584121348177563,50
make_low_rank_matrix,datawig,MNAR,0.00045912633745017855,50
make_low_rank_matrix,mean,MNAR,0.0004676915406309649,50
make_low_rank_matrix,knn,MNAR,0.0006184973149705912,50
make_low_rank_matrix,mf,MNAR,0.0004555533379904714,50
make_low_rank_matrix,sklearn_rf,MNAR,0.0007134058011011525,50
make_low_rank_matrix,sklearn_linreg,MNAR,0.0005695371275366572,50
make_low_rank_matrix,datawig,MNAR,0.0004626461974477479,50
load_diabetes,mean,MCAR,0.002250502927259873,50
load_diabetes,knn,MCAR,0.0026197073116597325,50
load_diabetes,mf,MCAR,0.0016358113694569993,50
load_diabetes,sklearn_rf,MCAR,0.00197979141121776,50
load_diabetes,sklearn_linreg,MCAR,0.0017601444313447487,50
load_diabetes,datawig,MCAR,0.0016803825570777652,50
load_diabetes,mean,MCAR,0.0022627118571109128,50
load_diabetes,knn,MCAR,0.0025625678177287835,50
load_diabetes,mf,MCAR,0.0016790413076921314,50
load_diabetes,sklearn_rf,MCAR,0.002014326590723277,50
load_diabetes,sklearn_linreg,MCAR,0.001659387097040063,50
load_diabetes,datawig,MCAR,0.0016474947770857339,50
load_diabetes,mean,MCAR,0.002260289588029456,50
load_diabetes,knn,MCAR,0.0025872350454914533,50
load_diabetes,mf,MCAR,0.0016834654006078582,50
load_diabetes,sklearn_rf,MCAR,0.001974290495626894,50
load_diabetes,sklearn_linreg,MCAR,0.0016685217907750898,50
load_diabetes,datawig,MCAR,0.0016573065971167103,50
load_diabetes,mean,MAR,0.0021222297693299906,50
load_diabetes,knn,MAR,0.0029061654870805643,50
load_diabetes,mf,MAR,0.0015591253062572396,50
load_diabetes,sklearn_rf,MAR,0.00199835720557203,50
load_diabetes,sklearn_linreg,MAR,0.001697879782714826,50
load_diabetes,datawig,MAR,0.0014097859111470708,50
load_diabetes,mean,MAR,0.0022937798592266093,50
load_diabetes,knn,MAR,0.003027728382636101,50
load_diabetes,mf,MAR,0.0017287351098530868,50
load_diabetes,sklearn_rf,MAR,0.001990655976969867,50
load_diabetes,sklearn_linreg,MAR,0.0018483447433187718,50
load_diabetes,datawig,MAR,0.0017100758409978874,50
load_diabetes,mean,MAR,0.002531215571418808,50
load_diabetes,knn,MAR,0.003029483222234214,50
load_diabetes,mf,MAR,0.0019056450885868584,50
load_diabetes,sklearn_rf,MAR,0.0020147743353391735,50
load_diabetes,sklearn_linreg,MAR,0.0018785668700214107,50
load_diabetes,datawig,MAR,0.0016378766490183867,50
load_diabetes,mean,MNAR,0.0022436201537607008,50
load_diabetes,knn,MNAR,0.0026944588861259776,50
load_diabetes,mf,MNAR,0.0018367893812010364,50
load_diabetes,sklearn_rf,MNAR,0.0032711249487186365,50
make_low_rank_matrix,mean,MCAR,0.0005631689613457634,10
make_low_rank_matrix,knn,MCAR,0.0005961253748806517,10
make_low_rank_matrix,mf,MCAR,0.0004910837953920995,10
make_low_rank_matrix,sklearn_rf,MCAR,0.0005030471770895776,10
make_low_rank_matrix,sklearn_linreg,MCAR,0.0004237677639252659,10
make_low_rank_matrix,datawig,MCAR,0.00043783595963731376,10
make_low_rank_matrix,mean,MCAR,0.0005064208114009018,10
make_low_rank_matrix,knn,MCAR,0.0005216796280412744,10
make_low_rank_matrix,mf,MCAR,0.00044795420612572307,10
make_low_rank_matrix,sklearn_rf,MCAR,0.0004753383858200103,10
make_low_rank_matrix,sklearn_linreg,MCAR,0.00039606721625024384,10
make_low_rank_matrix,datawig,MCAR,0.00040515637374749725,10
make_low_rank_matrix,mean,MCAR,0.0005241993879626521,10
make_low_rank_matrix,knn,MCAR,0.0005525975999193763,10
make_low_rank_matrix,mf,MCAR,0.00045872536093200905,10
make_low_rank_matrix,sklearn_rf,MCAR,0.0004991855385957414,10
make_low_rank_matrix,sklearn_linreg,MCAR,0.0004205881303026925,10
make_low_rank_matrix,datawig,MCAR,0.0004256013935910452,10
make_low_rank_matrix,mean,MAR,0.0005033434385334829,10
make_low_rank_matrix,knn,MAR,0.0004949105455255438,10
make_low_rank_matrix,mf,MAR,0.0004696221518142766,10
make_low_rank_matrix,sklearn_rf,MAR,0.0005177738496018602,10
make_low_rank_matrix,sklearn_linreg,MAR,0.00042821082531018233,10
make_low_rank_matrix,datawig,MAR,0.00044273766927033345,10
make_low_rank_matrix,mean,MAR,0.0005354736746672574,10
make_low_rank_matrix,knn,MAR,0.0005274645818614886,10
make_low_rank_matrix,mf,MAR,0.0004773551624765457,10
make_low_rank_matrix,sklearn_rf,MAR,0.0005000538914646386,10
make_low_rank_matrix,sklearn_linreg,MAR,0.0004349610165951159,10
make_low_rank_matrix,datawig,MAR,0.0004344784736778013,10
make_low_rank_matrix,mean,MAR,0.0005298473377331303,10
make_low_rank_matrix,knn,MAR,0.0005607272325052548,10
make_low_rank_matrix,mf,MAR,0.0004681201113256815,10
make_low_rank_matrix,sklearn_rf,MAR,0.0005038447555054467,10
make_low_rank_matrix,sklearn_linreg,MAR,0.0004364716135350043,10
make_low_rank_matrix,datawig,MAR,0.00043921012711396366,10
make_low_rank_matrix,mean,MNAR,0.00046736968521501367,10
make_low_rank_matrix,knn,MNAR,0.0005028851309874134,10
make_low_rank_matrix,mf,MNAR,0.0004248080544883689,10
make_low_rank_matrix,sklearn_rf,MNAR,0.0004545197517592128,10
make_low_rank_matrix,sklearn_linreg,MNAR,0.00039708292328103576,10
make_low_rank_matrix,datawig,MNAR,0.0003819763076926731,10
make_low_rank_matrix,mean,MNAR,0.00028617867935477154,10
make_low_rank_matrix,knn,MNAR,0.00036005049498084494,10
make_low_rank_matrix,mf,MNAR,0.0002708259711720056,10
make_low_rank_matrix,sklearn_rf,MNAR,0.0003448994430014664,10
make_low_rank_matrix,sklearn_linreg,MNAR,0.00027206499716529774,10
make_low_rank_matrix,datawig,MNAR,0.00028796231227414253,10
make_low_rank_matrix,mean,MNAR,0.0005320906792792883,10
make_low_rank_matrix,knn,MNAR,0.0005521862341191619,10
make_low_rank_matrix,mf,MNAR,0.00047935293541319097,10
make_low_rank_matrix,sklearn_rf,MNAR,0.0005238524339099477,10
make_low_rank_matrix,sklearn_linreg,MNAR,0.00044200998091502736,10
make_low_rank_matrix,datawig,MNAR,0.00045434974259568774,10
load_diabetes,mean,MCAR,0.0023543759478701506,10
load_diabetes,knn,MCAR,0.001579431488238402,10
load_diabetes,mf,MCAR,0.0014303114785673174,10
load_diabetes,sklearn_rf,MCAR,0.0013173722510446103,10
load_diabetes,sklearn_linreg,MCAR,0.001034321032014162,10
load_diabetes,datawig,MCAR,0.001125906962738272,10
load_diabetes,mean,MCAR,0.00228271041385748,10
load_diabetes,knn,MCAR,0.0014142854787272605,10
load_diabetes,mf,MCAR,0.001452202903590427,10
load_diabetes,sklearn_rf,MCAR,0.0012016490981789085,10
load_diabetes,sklearn_linreg,MCAR,0.0010814894868022926,10
load_diabetes,datawig,MCAR,0.0012330320359043392,10
load_diabetes,mean,MCAR,0.0021425146618760404,10
load_diabetes,knn,MCAR,0.001327687138879653,10
load_diabetes,mf,MCAR,0.0013140614711222181,10
load_diabetes,sklearn_rf,MCAR,0.0011813145245398555,10
load_diabetes,sklearn_linreg,MCAR,0.001027943186260722,10
load_diabetes,datawig,MCAR,0.0010885162120114055,10
load_diabetes,mean,MAR,0.0022208909469031567,10
load_diabetes,knn,MAR,0.0014437524350534349,10
load_diabetes,mf,MAR,0.0014553369698431507,10
load_diabetes,sklearn_rf,MAR,0.0012515791811586524,10
load_diabetes,sklearn_linreg,MAR,0.001013053691877821,10
load_diabetes,datawig,MAR,0.0011802478221250461,10
load_diabetes,mean,MAR,0.0027989257647608014,10
load_diabetes,knn,MAR,0.001678269862889275,10
load_diabetes,mf,MAR,0.0016385989296300713,10
load_diabetes,sklearn_rf,MAR,0.0013727571034608764,10
load_diabetes,sklearn_linreg,MAR,0.001035462233357205,10
load_diabetes,datawig,MAR,0.0010732981927940562,10
load_diabetes,mean,MAR,0.0022880172576219913,10
load_diabetes,knn,MAR,0.0014794308241017917,10
load_diabetes,mf,MAR,0.0013249552728471713,10
load_diabetes,sklearn_rf,MAR,0.0011485426143149815,10
load_diabetes,sklearn_linreg,MAR,0.001026722303764721,10
load_diabetes,datawig,MAR,0.000992240230124321,10
load_diabetes,mean,MNAR,0.0017684878628517772,10
load_diabetes,knn,MNAR,0.0015080066443720899,10
load_diabetes,mf,MNAR,0.0013879715588257463,10
load_diabetes,sklearn_rf,MNAR,0.0014841839632471015,10
load_diabetes,sklearn_linreg,MNAR,0.0011083886860886565,10
load_diabetes,datawig,MNAR,0.0010604869934334898,10
load_diabetes,mean,MNAR,0.0025655707765806783,10
load_diabetes,knn,MNAR,0.001958936793231531,10
load_diabetes,mf,MNAR,0.0016654101362609758,10
load_diabetes,sklearn_rf,MNAR,0.0016226076421131375,10
load_diabetes,sklearn_linreg,MNAR,0.001390305612759685,10
load_diabetes,datawig,MNAR,0.001303983854698779,10
load_diabetes,mean,MNAR,0.0021124464793358397,10
load_diabetes,knn,MNAR,0.0016897216508956839,10
load_diabetes,mf,MNAR,0.0012993509615151252,10
load_diabetes,sklearn_rf,MNAR,0.0014201082785399342,10
load_diabetes,sklearn_linreg,MNAR,0.0011142949097262666,10
load_diabetes,datawig,MNAR,0.0011483782441972447,10
load_wine,mean,MCAR,11284.990695885841,10
load_wine,knn,MCAR,3017.272852625008,10
load_wine,mf,MCAR,3555.8543504434274,10
load_wine,sklearn_rf,MCAR,3410.490579552084,10
load_wine,sklearn_linreg,MCAR,2218.6246879903597,10
load_wine,datawig,MCAR,3091.4213183045918,10
load_wine,mean,MCAR,6480.73442215679,10
load_wine,knn,MCAR,1753.0763649688247,10
load_wine,mf,MCAR,3386.96008506304,10
load_wine,sklearn_rf,MCAR,1951.363318581288,10
load_wine,sklearn_linreg,MCAR,3423.3954611101694,10
load_wine,datawig,MCAR,2999.0004753937433,10
load_wine,mean,MCAR,6248.083061678291,10
load_wine,knn,MCAR,2578.2481391820274,10
load_wine,mf,MCAR,4686.34712591437,10
load_wine,sklearn_rf,MCAR,2342.132708855932,10
load_wine,sklearn_linreg,MCAR,3208.0312479961385,10
load_wine,datawig,MCAR,3720.6004127468996,10
load_wine,mean,MAR,13970.648900634445,10
load_wine,knn,MAR,3225.1438494236163,10
load_wine,mf,MAR,5847.585863704208,10
load_wine,sklearn_rf,MAR,2736.371859090847,10
load_wine,sklearn_linreg,MAR,3234.9770172982576,10
load_wine,datawig,MAR,5950.019024975227,10
load_wine,mean,MAR,6670.056995785136,10
load_wine,knn,MAR,2077.2387406918015,10
load_wine,mf,MAR,4414.5660279498225,10
load_wine,sklearn_rf,MAR,1352.4091191806333,10
load_wine,sklearn_linreg,MAR,3010.734330449532,10
load_wine,datawig,MAR,2219.400201999311,10
load_wine,mean,MAR,4743.582562942861,10
load_wine,knn,MAR,3803.2263103528517,10
load_wine,mf,MAR,2504.6868326213644,10
load_wine,sklearn_rf,MAR,2236.7834632203726,10
load_wine,sklearn_linreg,MAR,1694.2397481350308,10
load_wine,datawig,MAR,1600.6141007195597,10
load_wine,mean,MNAR,24725.85846321754,10
load_wine,knn,MNAR,21704.60838552971,10
load_wine,mf,MNAR,13422.975609041672,10
load_wine,sklearn_rf,MNAR,8579.959840864252,10
load_wine,sklearn_linreg,MNAR,5762.524744606257,10
load_wine,datawig,MNAR,7074.143427045907,10
load_wine,mean,MNAR,1304.8086342307936,10
load_wine,knn,MNAR,1910.688825111029,10
load_wine,mf,MNAR,1410.939007370136,10
load_wine,sklearn_rf,MNAR,574.5019681958705,10
load_wine,sklearn_linreg,MNAR,3183.4602049494792,10
load_wine,datawig,MNAR,2193.060456344079,10
load_wine,mean,MNAR,1609.8612085718285,10
load_wine,knn,MNAR,4727.880641009766,10
load_wine,mf,MNAR,2588.7796462892593,10
load_wine,sklearn_rf,MNAR,5939.537062538462,10
load_wine,sklearn_linreg,MNAR,5426.039225603684,10
load_wine,datawig,MNAR,5073.953728842128,10
make_swiss_roll,mean,MCAR,37.28676093832836,10
make_swiss_roll,knn,MCAR,25.50926684903421,10
make_swiss_roll,mf,MCAR,36.51231704532857,10
make_swiss_roll,sklearn_rf,MCAR,18.95898383734083,10
make_swiss_roll,sklearn_linreg,MCAR,36.73439546144955,10
make_swiss_roll,datawig,MCAR,14.058324796906621,10
make_swiss_roll,mean,MCAR,36.37634137580762,10
make_swiss_roll,knn,MCAR,24.595081493494614,10
make_swiss_roll,mf,MCAR,36.21755385233854,10
make_swiss_roll,sklearn_rf,MCAR,23.36867561576941,10
make_swiss_roll,sklearn_linreg,MCAR,36.00424095119804,10
make_swiss_roll,datawig,MCAR,17.79665571124738,10
make_swiss_roll,mean,MCAR,35.93613331653669,10
make_swiss_roll,knn,MCAR,22.53116495908871,10
make_swiss_roll,mf,MCAR,34.56137887623856,10
make_swiss_roll,sklearn_rf,MCAR,15.301572407027166,10
make_swiss_roll,sklearn_linreg,MCAR,33.897670278663995,10
make_swiss_roll,datawig,MCAR,13.552139918565821,10
make_swiss_roll,mean,MAR,30.905701206575486,10
make_swiss_roll,knn,MAR,34.83502316033417,10
make_swiss_roll,mf,MAR,32.976948897804895,10
make_swiss_roll,sklearn_rf,MAR,15.1038895964348,10
make_swiss_roll,sklearn_linreg,MAR,32.43514669295148,10
make_swiss_roll,datawig,MAR,13.572607893651547,10
make_swiss_roll,mean,MAR,48.38630653050262,10
make_swiss_roll,knn,MAR,25.44654510165851,10
make_swiss_roll,mf,MAR,46.60441801195186,10
make_swiss_roll,sklearn_rf,MAR,11.898848458462613,10
make_swiss_roll,sklearn_linreg,MAR,46.91061376829494,10
make_swiss_roll,datawig,MAR,13.217750895980764,10
make_swiss_roll,mean,MAR,44.68947475213165,10
make_swiss_roll,knn,MAR,26.0018635289612,10
make_swiss_roll,mf,MAR,45.83692805549239,10
make_swiss_roll,sklearn_rf,MAR,25.83619607156637,10
make_swiss_roll,sklearn_linreg,MAR,45.40842830589337,10
make_swiss_roll,datawig,MAR,16.305488727138552,10
make_swiss_roll,mean,MNAR,66.28906984020854,10
make_swiss_roll,knn,MNAR,78.37886194070843,10
make_swiss_roll,mf,MNAR,66.69524810358189,10
make_swiss_roll,sklearn_rf,MNAR,90.52228287845286,10
make_swiss_roll,sklearn_linreg,MNAR,68.38380018238705,10
make_swiss_roll,datawig,MNAR,68.36405524029558,10
make_swiss_roll,mean,MNAR,18.72117165481228,10
make_swiss_roll,knn,MNAR,7.244431501220679,10
make_swiss_roll,mf,MNAR,25.790423270736238,10
make_swiss_roll,sklearn_rf,MNAR,8.14620560784397,10
make_swiss_roll,sklearn_linreg,MNAR,29.555216858579882,10
make_swiss_roll,datawig,MNAR,2.849066347358668,10
make_swiss_roll,mean,MNAR,54.46543940451378,10
make_swiss_roll,knn,MNAR,26.48706904979441,10
make_swiss_roll,mf,MNAR,55.418182678425836,10
make_swiss_roll,sklearn_rf,MNAR,24.85861290991701,10
make_swiss_roll,sklearn_linreg,MNAR,53.26686270362185,10
make_swiss_roll,datawig,MNAR,23.156325817301667,10
load_breast_cancer,mean,MCAR,12946.885805611431,10
load_breast_cancer,knn,MCAR,2070.033961935427,10
load_breast_cancer,mf,MCAR,802.6955070298849,10
load_breast_cancer,sklearn_rf,MCAR,286.83865093062445,10
load_breast_cancer,sklearn_linreg,MCAR,182.84087655682126,10
load_breast_cancer,datawig,MCAR,167.31977154605735,10
load_breast_cancer,mean,MCAR,18386.33340306627,10
load_breast_cancer,knn,MCAR,9088.949406360605,10
load_breast_cancer,mf,MCAR,1439.4818654503706,10
load_breast_cancer,sklearn_rf,MCAR,870.1727616271058,10
load_breast_cancer,sklearn_linreg,MCAR,591.0904998829553,10
load_breast_cancer,datawig,MCAR,227.10125020445673,10
load_breast_cancer,mean,MCAR,11260.821900733414,10
load_breast_cancer,knn,MCAR,4367.571197123295,10
load_breast_cancer,mf,MCAR,689.2027893068425,10
load_breast_cancer,sklearn_rf,MCAR,422.5249374198642,10
load_breast_cancer,sklearn_linreg,MCAR,106.32998953533622,10
load_breast_cancer,datawig,MCAR,297.38820091205804,10
load_breast_cancer,mean,MAR,17115.39172270235,10
load_breast_cancer,knn,MAR,6556.64666621925,10
load_breast_cancer,mf,MAR,1631.9127177252494,10
load_breast_cancer,sklearn_rf,MAR,1071.129153225083,10
load_breast_cancer,sklearn_linreg,MAR,101.01099504784504,10
load_breast_cancer,datawig,MAR,292.96472910742233,10
load_breast_cancer,mean,MAR,10331.431462372271,10
load_breast_cancer,knn,MAR,1725.5295043756896,10
load_breast_cancer,mf,MAR,896.048406271113,10
load_breast_cancer,sklearn_rf,MAR,157.4781302065427,10
load_breast_cancer,sklearn_linreg,MAR,67.69753382111942,10
load_breast_cancer,datawig,MAR,85.03101815460977,10
load_breast_cancer,mean,MAR,8117.313270873874,10
load_breast_cancer,knn,MAR,516.5538848458839,10
load_breast_cancer,mf,MAR,866.5814542835315,10
load_breast_cancer,sklearn_rf,MAR,69.40507826735194,10
load_breast_cancer,sklearn_linreg,MAR,93.6488599781006,10
load_breast_cancer,datawig,MAR,27.388591633589265,10
load_breast_cancer,mean,MNAR,4028.61788459309,10
load_breast_cancer,knn,MNAR,345.86711876504825,10
load_breast_cancer,mf,MNAR,533.546658428279,10
load_breast_cancer,sklearn_rf,MNAR,50.68388591060905,10
load_breast_cancer,sklearn_linreg,MNAR,84.23067711086102,10
load_breast_cancer,datawig,MNAR,43.10278156004604,10
load_breast_cancer,mean,MNAR,12763.382855689191,10
load_breast_cancer,knn,MNAR,273.81908312704684,10
load_breast_cancer,mf,MNAR,550.7128939159677,10
load_breast_cancer,sklearn_rf,MNAR,89.46681224770722,10
load_breast_cancer,sklearn_linreg,MNAR,45.89282636831578,10
load_breast_cancer,datawig,MNAR,130.10861090227155,10
load_breast_cancer,mean,MNAR,7541.868285425611,10
load_breast_cancer,knn,MNAR,445.6031555725928,10
load_breast_cancer,mf,MNAR,496.5112937454117,10
load_breast_cancer,sklearn_rf,MNAR,38.64307136194536,10
load_breast_cancer,sklearn_linreg,MNAR,33.639608820701284,10
load_breast_cancer,datawig,MNAR,46.825935859898784,10
load_linnerud,mean,MCAR,1286.2494806094178,10
load_linnerud,knn,MCAR,27.83367885220639,10
load_linnerud,mf,MCAR,192.97704204982017,10
load_linnerud,sklearn_rf,MCAR,391.28200000000004,10
load_linnerud,sklearn_linreg,MCAR,261.1408359989166,10
load_linnerud,datawig,MCAR,61.311167790969726,10
load_linnerud,mean,MCAR,,10
load_linnerud,knn,MCAR,,10
